[2026-08-12 22:27:10 IST] [INFO] [SYSTEM] Margin Check | Available=21585127.55 | Required=162460.35 | PASS
[2026-08-12 22:27:10 IST] [INFO] [SYSTEM] Paper fill: NIFTY18AUG2623250CE @ Rs 92.57 x1755
[2026-08-12 22:27:10 IST] [INFO] [ORDER] [2025-01-14 11:02:00] BUY CE | Strike=23250 | Price=92.57 | Qty=1755 | Mode=paper
[2026-08-12 22:27:10 IST] [INFO] [SYSTEM] ORB ENTRY LONG CE 23250 @ Rs 92.57 x1755 | index 23233.80 stop 23139.40 target 23422.60 risk 94.4pts
[2026-08-12 22:27:11 IST] [INFO] [ORDER] [2025-01-14 15:15:00] EXIT | Reason=squareoff | P&L=-54136.87
[2026-08-12 22:27:11 IST] [INFO] [SYSTEM] ORB EXIT [squareoff] @ Rs 61.88 | index 23173.35 | net P&L Rs -54,136.87
[2026-08-12 22:27:11 IST] [WARNING] [SYSTEM] Daily loss limit reached (Rs -54,137 <= -Rs 10,000); no further trades today
[2026-08-12 22:27:11 IST] [INFO] [SYSTEM] New session 2025-01-15 — strategy state reset
[2026-08-12 22:27:12 IST] [INFO] [SYSTEM] Margin Check | Available=21530990.68 | Required=121832.10 | PASS
[2026-08-12 22:27:12 IST] [INFO] [SYSTEM] Paper fill: NIFTY18AUG2623300CE @ Rs 69.42 x1755
[2026-08-12 22:27:12 IST] [INFO] [ORDER] [2025-01-15 10:47:00] BUY CE | Strike=23300 | Price=69.42 | Qty=1755 | Mode=paper
[2026-08-12 22:27:12 IST] [INFO] [SYSTEM] ORB ENTRY LONG CE 23300 @ Rs 69.42 x1755 | index 23290.65 stop 23165.30 target 23541.35 risk 125.4pts
[2026-08-12 22:27:12 IST] [INFO] [ORDER] [2025-01-15 13:30:00] EXIT | Reason=stoploss | P&L=-83778.28
[2026-08-12 22:27:12 IST] [INFO] [SYSTEM] ORB EXIT [stoploss] @ Rs 21.78 | index 23165.30 | net P&L Rs -83,778.28
[2026-08-12 22:27:12 IST] [WARNING] [SYSTEM] Daily loss limit reached (Rs -83,778 <= -Rs 10,000); no further trades today
[2026-08-12 22:27:12 IST] [INFO] [SYSTEM] New session 2025-01-16 — strategy state reset
[2026-08-12 22:27:13 IST] [INFO] [SYSTEM] Margin Check | Available=21447212.40 | Required=65689.65 | PASS
[2026-08-12 22:27:13 IST] [INFO] [SYSTEM] Paper fill: NIFTY18AUG2623300PE @ Rs 37.43 x1755
[2026-08-12 22:27:13 IST] [INFO] [ORDER] [2025-01-16 10:53:00] BUY PE | Strike=23300 | Price=37.43 | Qty=1755 | Mode=paper
[2026-08-12 22:27:13 IST] [INFO] [SYSTEM] ORB ENTRY SHORT PE 23300 @ Rs 37.43 x1755 | index 23282.45 stop 23391.65 target 23064.05 risk 109.2pts
[2026-08-12 22:27:13 IST] [INFO] [ORDER] [2025-01-16 15:15:00] EXIT | Reason=squareoff | P&L=-64377.49
[2026-08-12 22:27:13 IST] [INFO] [SYSTEM] ORB EXIT [squareoff] @ Rs 0.8 | index 23320.90 | net P&L Rs -64,377.49
[2026-08-12 22:27:13 IST] [WARNING] [SYSTEM] Daily loss limit reached (Rs -64,377 <= -Rs 10,000); no further trades today
[2026-08-12 22:27:13 IST] [INFO] [SYSTEM] New session 2025-01-17 — strategy state reset
[2026-08-12 22:27:14 IST] [INFO] [SYSTEM] Margin Check | Available=21382834.91 | Required=252228.60 | PASS
[2026-08-12 22:27:14 IST] [INFO] [SYSTEM] Paper fill: NIFTY18AUG2623150PE @ Rs 143.72 x1755
[2026-08-12 22:27:14 IST] [INFO] [ORDER] [2025-01-17 10:50:00] BUY PE | Strike=23150 | Price=143.72 | Qty=1755 | Mode=paper
[2026-08-12 22:27:14 IST] [INFO] [SYSTEM] ORB ENTRY SHORT PE 23150 @ Rs 143.72 x1755 | index 23130.30 stop 23292.10 target 22806.70 risk 161.8pts
[2026-08-12 22:27:14 IST] [INFO] [ORDER] [2025-01-17 15:15:00] EXIT | Reason=squareoff | P&L=-59871.37
[2026-08-12 22:27:14 IST] [INFO] [SYSTEM] ORB EXIT [squareoff] @ Rs 109.85 | index 23201.15 | net P&L Rs -59,871.37
[2026-08-12 22:27:14 IST] [WARNING] [SYSTEM] Daily loss limit reached (Rs -59,871 <= -Rs 10,000); no further trades today
[2026-08-12 22:27:14 IST] [INFO] [SYSTEM] New session 2025-01-20 — strategy state reset
[2026-08-12 22:27:15 IST] [INFO] [SYSTEM] Margin Check | Available=21322963.54 | Required=222060.15 | PASS
[2026-08-12 22:27:15 IST] [INFO] [SYSTEM] Paper fill: NIFTY18AUG2623300CE @ Rs 126.53 x1755
[2026-08-12 22:27:15 IST] [INFO] [ORDER] [2025-01-20 11:20:00] BUY CE | Strike=23300 | Price=126.53 | Qty=1755 | Mode=paper
[2026-08-12 22:27:15 IST] [INFO] [SYSTEM] ORB ENTRY LONG CE 23300 @ Rs 126.53 x1755 | index 23325.00 stop 23170.65 target 23633.70 risk 154.3pts
[2026-08-12 22:27:15 IST] [INFO] [ORDER] [2025-01-20 15:15:00] EXIT | Reason=squareoff | P&L=+9514.48
[2026-08-12 22:27:15 IST] [INFO] [SYSTEM] ORB EXIT [squareoff] @ Rs 132.21 | index 23340.40 | net P&L Rs 9,514.48
[2026-08-12 22:27:15 IST] [INFO] [SYSTEM] New session 2025-01-21 — strategy state reset
[2026-08-12 22:27:16 IST] [INFO] [SYSTEM] Margin Check | Available=21332478.02 | Required=162074.25 | PASS
[2026-08-12 22:27:16 IST] [INFO] [SYSTEM] Paper fill: NIFTY18AUG2623250PE @ Rs 92.35 x1755
[2026-08-12 22:27:16 IST] [INFO] [ORDER] [2025-01-21 10:17:00] BUY PE | Strike=23250 | Price=92.35 | Qty=1755 | Mode=paper
[2026-08-12 22:27:16 IST] [INFO] [SYSTEM] ORB ENTRY SHORT PE 23250 @ Rs 92.35 x1755 | index 23235.90 stop 23426.30 target 22855.10 risk 190.4pts
[2026-08-12 22:27:16 IST] [INFO] [ORDER] [2025-01-21 15:15:00] EXIT | Reason=squareoff | P&L=+236392.60
[2026-08-12 22:27:16 IST] [INFO] [SYSTEM] ORB EXIT [squareoff] @ Rs 227.39 | index 23032.85 | net P&L Rs 236,392.60
[2026-08-12 22:27:16 IST] [INFO] [SYSTEM] New session 2025-01-22 — strategy state reset
[2026-08-12 22:27:17 IST] [INFO] [SYSTEM] Margin Check | Available=21568870.62 | Required=124218.90 | PASS
[2026-08-12 22:27:17 IST] [INFO] [SYSTEM] Paper fill: NIFTY18AUG2623050PE @ Rs 70.78 x1755
[2026-08-12 22:27:17 IST] [INFO] [ORDER] [2025-01-22 11:35:00] BUY PE | Strike=23050 | Price=70.78 | Qty=1755 | Mode=paper
[2026-08-12 22:27:17 IST] [INFO] [SYSTEM] ORB ENTRY SHORT PE 23050 @ Rs 70.78 x1755 | index 23041.90 stop 23127.70 target 22870.30 risk 85.8pts
[2026-08-12 22:27:17 IST] [INFO] [ORDER] [2025-01-22 14:38:00] EXIT | Reason=stoploss | P&L=-67584.58
[2026-08-12 22:27:17 IST] [INFO] [SYSTEM] ORB EXIT [stoploss] @ Rs 32.38 | index 23127.70 | net P&L Rs -67,584.58
[2026-08-12 22:27:17 IST] [WARNING] [SYSTEM] Daily loss limit reached (Rs -67,585 <= -Rs 10,000); no further trades today
[2026-08-12 22:27:17 IST] [INFO] [SYSTEM] New session 2025-01-23 — strategy state reset
[2026-08-12 22:27:18 IST] [INFO] [SYSTEM] Margin Check | Available=21501286.04 | Required=46946.25 | PASS
[2026-08-12 22:27:18 IST] [INFO] [SYSTEM] Paper fill: NIFTY18AUG2623250CE @ Rs 26.75 x1755
[2026-08-12 22:27:18 IST] [INFO] [ORDER] [2025-01-23 12:20:00] BUY CE | Strike=23250 | Price=26.75 | Qty=1755 | Mode=paper
[2026-08-12 22:27:18 IST] [INFO] [SYSTEM] ORB ENTRY LONG CE 23250 @ Rs 26.75 x1755 | index 23255.85 stop 23090.65 target 23586.25 risk 165.2pts
[2026-08-12 22:27:18 IST] [INFO] [ORDER] [2025-01-23 15:15:00] EXIT | Reason=squareoff | P&L=-46936.57
[2026-08-12 22:27:18 IST] [INFO] [SYSTEM] ORB EXIT [squareoff] @ Rs 0.05 | index 23204.80 | net P&L Rs -46,936.57
[2026-08-12 22:27:18 IST] [WARNING] [SYSTEM] Daily loss limit reached (Rs -46,937 <= -Rs 10,000); no further trades today
[2026-08-12 22:27:18 IST] [INFO] [SYSTEM] New session 2025-01-24 — strategy state reset
[2026-08-12 22:27:19 IST] [INFO] [SYSTEM] Margin Check | Available=21454349.47 | Required=261670.50 | PASS
[2026-08-12 22:27:19 IST] [INFO] [SYSTEM] Paper fill: NIFTY18AUG2623100PE @ Rs 149.1 x1755
[2026-08-12 22:27:19 IST] [INFO] [ORDER] [2025-01-24 10:20:00] BUY PE | Strike=23100 | Price=149.10 | Qty=1755 | Mode=paper
[2026-08-12 22:27:19 IST] [INFO] [SYSTEM] ORB ENTRY SHORT PE 23100 @ Rs 149.1 x1755 | index 23103.60 stop 23292.05 target 22726.70 risk 188.5pts
[2026-08-12 22:27:19 IST] [INFO] [ORDER] [2025-01-24 11:41:00] EXIT | Reason=stoploss | P&L=-126888.80
[2026-08-12 22:27:19 IST] [INFO] [SYSTEM] ORB EXIT [stoploss] @ Rs 77.01 | index 23292.05 | net P&L Rs -126,888.80
[2026-08-12 22:27:19 IST] [WARNING] [SYSTEM] Daily loss limit reached (Rs -126,889 <= -Rs 10,000); no further trades today
[2026-08-12 22:27:19 IST] [INFO] [SYSTEM] New session 2025-01-27 — strategy state reset
[2026-08-12 22:27:19 IST] [INFO] [SYSTEM] Margin Check | Available=21327460.67 | Required=212512.95 | PASS
[2026-08-12 22:27:19 IST] [INFO] [SYSTEM] Paper fill: NIFTY18AUG2622900PE @ Rs 121.09 x1755
[2026-08-12 22:27:19 IST] [INFO] [ORDER] [2025-01-27 10:20:00] BUY PE | Strike=22900 | Price=121.09 | Qty=1755 | Mode=paper
[2026-08-12 22:27:19 IST] [INFO] [SYSTEM] ORB ENTRY SHORT PE 22900 @ Rs 121.09 x1755 | index 22891.00 stop 23007.45 target 22658.10 risk 116.5pts
[2026-08-12 22:27:20 IST] [INFO] [ORDER] [2025-01-27 15:15:00] EXIT | Reason=squareoff | P&L=+43487.57
[2026-08-12 22:27:20 IST] [INFO] [SYSTEM] ORB EXIT [squareoff] @ Rs 146.14 | index 22836.90 | net P&L Rs 43,487.57
[2026-08-12 22:27:20 IST] [INFO] [SYSTEM] New session 2025-01-28 — strategy state reset
[2026-08-12 22:27:21 IST] [INFO] [SYSTEM] Margin Check | Available=21370948.24 | Required=163390.50 | PASS
[2026-08-12 22:27:21 IST] [INFO] [SYSTEM] Paper fill: NIFTY18AUG2623000CE @ Rs 93.1 x1755
[2026-08-12 22:27:21 IST] [INFO] [ORDER] [2025-01-28 11:32:00] BUY CE | Strike=23000 | Price=93.10 | Qty=1755 | Mode=paper
[2026-08-12 22:27:21 IST] [INFO] [SYSTEM] ORB ENTRY LONG CE 23000 @ Rs 93.1 x1755 | index 22979.95 stop 22859.70 target 23220.45 risk 120.2pts
[2026-08-12 22:27:21 IST] [INFO] [ORDER] [2025-01-28 14:51:00] EXIT | Reason=breakeven_stop | P&L=-6403.67
[2026-08-12 22:27:21 IST] [INFO] [SYSTEM] ORB EXIT [breakeven_stop] @ Rs 89.64 | index 22979.95 | net P&L Rs -6,403.67
[2026-08-12 22:27:21 IST] [INFO] [SYSTEM] New session 2025-01-29 — strategy state reset
[2026-08-12 22:27:22 IST] [INFO] [SYSTEM] Margin Check | Available=21364544.57 | Required=154826.10 | PASS
[2026-08-12 22:27:22 IST] [INFO] [SYSTEM] Paper fill: NIFTY18AUG2623100CE @ Rs 88.22 x1755
[2026-08-12 22:27:22 IST] [INFO] [ORDER] [2025-01-29 10:59:00] BUY CE | Strike=23100 | Price=88.22 | Qty=1755 | Mode=paper
[2026-08-12 22:27:22 IST] [INFO] [SYSTEM] ORB ENTRY LONG CE 23100 @ Rs 88.22 x1755 | index 23122.85 stop 22976.50 target 23415.55 risk 146.3pts
[2026-08-12 22:27:22 IST] [INFO] [ORDER] [2025-01-29 15:15:00] EXIT | Reason=squareoff | P&L=+24447.30
[2026-08-12 22:27:22 IST] [INFO] [SYSTEM] ORB EXIT [squareoff] @ Rs 102.35 | index 23156.35 | net P&L Rs 24,447.30
[2026-08-12 22:27:22 IST] [INFO] [SYSTEM] New session 2025-01-30 — strategy state reset
[2026-08-12 22:27:23 IST] [INFO] [SYSTEM] New session 2025-01-31 — strategy state reset
[2026-08-12 22:27:23 IST] [INFO] [SYSTEM] Margin Check | Available=21388991.87 | Required=299666.25 | PASS
[2026-08-12 22:27:23 IST] [INFO] [SYSTEM] Paper fill: NIFTY18AUG2623400CE @ Rs 170.75 x1755
[2026-08-12 22:27:23 IST] [INFO] [ORDER] [2025-01-31 10:35:00] BUY CE | Strike=23400 | Price=170.75 | Qty=1755 | Mode=paper
[2026-08-12 22:27:23 IST] [INFO] [SYSTEM] ORB ENTRY LONG CE 23400 @ Rs 170.75 x1755 | index 23412.80 stop 23277.40 target 23683.60 risk 135.4pts
[2026-08-12 22:27:24 IST] [INFO] [ORDER] [2025-01-31 15:15:00] EXIT | Reason=squareoff | P&L=+94941.40
[2026-08-12 22:27:24 IST] [INFO] [SYSTEM] ORB EXIT [squareoff] @ Rs 225.24 | index 23509.20 | net P&L Rs 94,941.40
[2026-08-12 22:27:24 IST] [INFO] [SYSTEM] New session 2025-02-01 — strategy state reset
[2026-08-12 22:27:24 IST] [INFO] [SYSTEM] New session 2025-02-03 — strategy state reset
[2026-08-12 22:27:25 IST] [INFO] [SYSTEM] Margin Check | Available=21483933.27 | Required=220621.05 | PASS
[2026-08-12 22:27:25 IST] [INFO] [SYSTEM] Paper fill: NIFTY18AUG2623350CE @ Rs 125.71 x1755
[2026-08-12 22:27:25 IST] [INFO] [ORDER] [2025-02-03 13:14:00] BUY CE | Strike=23350 | Price=125.71 | Qty=1755 | Mode=paper
[2026-08-12 22:27:25 IST] [INFO] [SYSTEM] ORB ENTRY LONG CE 23350 @ Rs 125.71 x1755 | index 23360.70 stop 23222.00 target 23638.10 risk 138.7pts
[2026-08-12 22:27:25 IST] [INFO] [ORDER] [2025-02-03 15:15:00] EXIT | Reason=squareoff | P&L=-6558.19
[2026-08-12 22:27:25 IST] [INFO] [SYSTEM] ORB EXIT [squareoff] @ Rs 122.22 | index 23357.40 | net P&L Rs -6,558.19
[2026-08-12 22:27:25 IST] [INFO] [SYSTEM] New session 2025-02-04 — strategy state reset
[2026-08-12 22:27:26 IST] [INFO] [SYSTEM] Margin Check | Available=21477375.08 | Required=167725.35 | PASS
[2026-08-12 22:27:26 IST] [INFO] [SYSTEM] Paper fill: NIFTY18AUG2623450PE @ Rs 95.57 x1755
[2026-08-12 22:27:26 IST] [INFO] [ORDER] [2025-02-04 10:38:00] BUY PE | Strike=23450 | Price=95.57 | Qty=1755 | Mode=paper
[2026-08-12 22:27:26 IST] [INFO] [SYSTEM] ORB ENTRY SHORT PE 23450 @ Rs 95.57 x1755 | index 23452.00 stop 23582.00 target 23192.00 risk 130.0pts
[2026-08-12 22:27:26 IST] [INFO] [ORDER] [2025-02-04 11:49:00] EXIT | Reason=stoploss | P&L=-88821.07
[2026-08-12 22:27:26 IST] [INFO] [SYSTEM] ORB EXIT [stoploss] @ Rs 45.1 | index 23582.00 | net P&L Rs -88,821.07
[2026-08-12 22:27:26 IST] [WARNING] [SYSTEM] Daily loss limit reached (Rs -88,821 <= -Rs 10,000); no further trades today
[2026-08-12 22:27:26 IST] [INFO] [SYSTEM] New session 2025-02-05 — strategy state reset
[2026-08-12 22:27:26 IST] [INFO] [SYSTEM] Margin Check | Available=21388554.01 | Required=119533.05 | PASS
[2026-08-12 22:27:26 IST] [INFO] [SYSTEM] Paper fill: NIFTY18AUG2623700PE @ Rs 68.11 x1755
[2026-08-12 22:27:26 IST] [INFO] [ORDER] [2025-02-05 11:17:00] BUY PE | Strike=23700 | Price=68.11 | Qty=1755 | Mode=paper
[2026-08-12 22:27:26 IST] [INFO] [SYSTEM] ORB ENTRY SHORT PE 23700 @ Rs 68.11 x1755 | index 23717.65 stop 23807.30 target 23538.35 risk 89.6pts
[2026-08-12 22:27:27 IST] [INFO] [ORDER] [2025-02-05 15:15:00] EXIT | Reason=squareoff | P&L=+9591.91
[2026-08-12 22:27:27 IST] [INFO] [SYSTEM] ORB EXIT [squareoff] @ Rs 73.73 | index 23694.50 | net P&L Rs 9,591.91
[2026-08-12 22:27:27 IST] [INFO] [SYSTEM] New session 2025-02-06 — strategy state reset
[2026-08-12 22:27:28 IST] [INFO] [SYSTEM] Margin Check | Available=21398145.92 | Required=48789.00 | PASS
[2026-08-12 22:27:28 IST] [INFO] [SYSTEM] Paper fill: NIFTY18AUG2623600PE @ Rs 27.8 x1755
[2026-08-12 22:27:28 IST] [INFO] [ORDER] [2025-02-06 11:20:00] BUY PE | Strike=23600 | Price=27.80 | Qty=1755 | Mode=paper
[2026-08-12 22:27:28 IST] [INFO] [SYSTEM] ORB ENTRY SHORT PE 23600 @ Rs 27.8 x1755 | index 23604.00 stop 23773.55 target 23264.90 risk 169.5pts
[2026-08-12 22:27:28 IST] [INFO] [ORDER] [2025-02-06 15:15:00] EXIT | Reason=squareoff | P&L=-28760.99
[2026-08-12 22:27:28 IST] [INFO] [SYSTEM] ORB EXIT [squareoff] @ Rs 11.47 | index 23592.85 | net P&L Rs -28,760.99
[2026-08-12 22:27:28 IST] [WARNING] [SYSTEM] Daily loss limit reached (Rs -28,761 <= -Rs 10,000); no further trades today
[2026-08-12 22:27:28 IST] [INFO] [SYSTEM] New session 2025-02-07 — strategy state reset
[2026-08-12 22:27:28 IST] [INFO] [SYSTEM] Margin Check | Available=21369384.93 | Required=259090.65 | PASS
[2026-08-12 22:27:28 IST] [INFO] [SYSTEM] Paper fill: NIFTY18AUG2623550PE @ Rs 147.63 x1755
[2026-08-12 22:27:28 IST] [INFO] [ORDER] [2025-02-07 10:20:00] BUY PE | Strike=23550 | Price=147.63 | Qty=1755 | Mode=paper
[2026-08-12 22:27:28 IST] [INFO] [SYSTEM] ORB ENTRY SHORT PE 23550 @ Rs 147.63 x1755 | index 23555.40 stop 23683.90 target 23298.40 risk 128.5pts
[2026-08-12 22:27:29 IST] [INFO] [ORDER] [2025-02-07 11:28:00] EXIT | Reason=stoploss | P&L=-92524.91
[2026-08-12 22:27:29 IST] [INFO] [SYSTEM] ORB EXIT [stoploss] @ Rs 95.14 | index 23683.90 | net P&L Rs -92,524.91
[2026-08-12 22:27:29 IST] [WARNING] [SYSTEM] Daily loss limit reached (Rs -92,525 <= -Rs 10,000); no further trades today
[2026-08-12 22:27:29 IST] [INFO] [SYSTEM] New session 2025-02-10 — strategy state reset
[2026-08-12 22:27:29 IST] [INFO] [SYSTEM] Margin Check | Available=21276860.02 | Required=198121.95 | PASS
[2026-08-12 22:27:29 IST] [INFO] [SYSTEM] Paper fill: NIFTY18AUG2623350PE @ Rs 112.89 x1755
[2026-08-12 22:27:29 IST] [INFO] [ORDER] [2025-02-10 12:02:00] BUY PE | Strike=23350 | Price=112.89 | Qty=1755 | Mode=paper
[2026-08-12 22:27:29 IST] [INFO] [SYSTEM] ORB ENTRY SHORT PE 23350 @ Rs 112.89 x1755 | index 23345.40 stop 23568.60 target 22899.00 risk 223.2pts
[2026-08-12 22:27:30 IST] [INFO] [ORDER] [2025-02-10 15:15:00] EXIT | Reason=squareoff | P&L=-32866.08
[2026-08-12 22:27:30 IST] [INFO] [SYSTEM] ORB EXIT [squareoff] @ Rs 94.37 | index 23380.60 | net P&L Rs -32,866.08
[2026-08-12 22:27:30 IST] [WARNING] [SYSTEM] Daily loss limit reached (Rs -32,866 <= -Rs 10,000); no further trades today
[2026-08-12 22:27:30 IST] [INFO] [SYSTEM] New session 2025-02-11 — strategy state reset
[2026-08-12 22:27:30 IST] [INFO] [SYSTEM] Margin Check | Available=21243993.94 | Required=158213.25 | PASS
[2026-08-12 22:27:30 IST] [INFO] [SYSTEM] Paper fill: NIFTY18AUG2623250PE @ Rs 90.15 x1755
[2026-08-12 22:27:30 IST] [INFO] [ORDER] [2025-02-11 10:44:00] BUY PE | Strike=23250 | Price=90.15 | Qty=1755 | Mode=paper
[2026-08-12 22:27:30 IST] [INFO] [SYSTEM] ORB ENTRY SHORT PE 23250 @ Rs 90.15 x1755 | index 23259.30 stop 23390.05 target 22997.80 risk 130.8pts
[2026-08-12 22:27:31 IST] [INFO] [ORDER] [2025-02-11 14:06:00] EXIT | Reason=target | P&L=+302418.39
[2026-08-12 22:27:31 IST] [INFO] [SYSTEM] ORB EXIT [target] @ Rs 262.85 | index 22997.80 | net P&L Rs 302,418.39
[2026-08-12 22:27:31 IST] [INFO] [SYSTEM] New session 2025-02-12 — strategy state reset
[2026-08-12 22:27:32 IST] [INFO] [SYSTEM] Margin Check | Available=21546412.33 | Required=150070.05 | PASS
[2026-08-12 22:27:32 IST] [INFO] [SYSTEM] Paper fill: NIFTY18AUG2623100CE @ Rs 85.51 x1755
[2026-08-12 22:27:32 IST] [INFO] [ORDER] [2025-02-12 13:23:00] BUY CE | Strike=23100 | Price=85.51 | Qty=1755 | Mode=paper
[2026-08-12 22:27:32 IST] [INFO] [SYSTEM] ORB ENTRY LONG CE 23100 @ Rs 85.51 x1755 | index 23117.65 stop 22814.50 target 23723.95 risk 303.2pts
[2026-08-12 22:27:32 IST] [INFO] [ORDER] [2025-02-12 15:15:00] EXIT | Reason=squareoff | P&L=-58707.73
[2026-08-12 22:27:32 IST] [INFO] [SYSTEM] ORB EXIT [squareoff] @ Rs 52.2 | index 23054.10 | net P&L Rs -58,707.73
[2026-08-12 22:27:32 IST] [WARNING] [SYSTEM] Daily loss limit reached (Rs -58,708 <= -Rs 10,000); no further trades today
[2026-08-12 22:27:32 IST] [INFO] [SYSTEM] New session 2025-02-13 — strategy state reset
[2026-08-12 22:27:32 IST] [INFO] [SYSTEM] Margin Check | Available=21487704.60 | Required=55861.65 | PASS
[2026-08-12 22:27:32 IST] [INFO] [SYSTEM] Paper fill: NIFTY18AUG2623200CE @ Rs 31.83 x1755
[2026-08-12 22:27:32 IST] [INFO] [ORDER] [2025-02-13 11:35:00] BUY CE | Strike=23200 | Price=31.83 | Qty=1755 | Mode=paper
[2026-08-12 22:27:32 IST] [INFO] [SYSTEM] ORB ENTRY LONG CE 23200 @ Rs 31.83 x1755 | index 23205.75 stop 22992.20 target 23632.85 risk 213.5pts
[2026-08-12 22:27:33 IST] [INFO] [ORDER] [2025-02-13 15:15:00] EXIT | Reason=squareoff | P&L=-55857.82
[2026-08-12 22:27:33 IST] [INFO] [SYSTEM] ORB EXIT [squareoff] @ Rs 0.05 | index 23037.60 | net P&L Rs -55,857.82
[2026-08-12 22:27:33 IST] [WARNING] [SYSTEM] Daily loss limit reached (Rs -55,858 <= -Rs 10,000); no further trades today
[2026-08-12 22:27:33 IST] [INFO] [SYSTEM] New session 2025-02-14 — strategy state reset
[2026-08-12 22:27:33 IST] [INFO] [SYSTEM] Margin Check | Available=21431846.78 | Required=282397.05 | PASS
[2026-08-12 22:27:33 IST] [INFO] [SYSTEM] Paper fill: NIFTY18AUG2622950PE @ Rs 160.91 x1755
[2026-08-12 22:27:33 IST] [INFO] [ORDER] [2025-02-14 10:38:00] BUY PE | Strike=22950 | Price=160.91 | Qty=1755 | Mode=paper
[2026-08-12 22:27:33 IST] [INFO] [SYSTEM] ORB ENTRY SHORT PE 22950 @ Rs 160.91 x1755 | index 22950.50 stop 23133.70 target 22584.10 risk 183.2pts
[2026-08-12 22:27:34 IST] [INFO] [ORDER] [2025-02-14 15:15:00] EXIT | Reason=squareoff | P&L=+12579.99
[2026-08-12 22:27:34 IST] [INFO] [SYSTEM] ORB EXIT [squareoff] @ Rs 168.4 | index 22930.15 | net P&L Rs 12,579.99
[2026-08-12 22:27:34 IST] [INFO] [SYSTEM] New session 2025-02-17 — strategy state reset
[2026-08-12 22:27:34 IST] [INFO] [SYSTEM] Margin Check | Available=21444426.77 | Required=230519.25 | PASS
[2026-08-12 22:27:34 IST] [INFO] [SYSTEM] Paper fill: NIFTY18AUG2622900CE @ Rs 131.35 x1755
[2026-08-12 22:27:34 IST] [INFO] [ORDER] [2025-02-17 10:38:00] BUY CE | Strike=22900 | Price=131.35 | Qty=1755 | Mode=paper
[2026-08-12 22:27:34 IST] [INFO] [SYSTEM] ORB ENTRY LONG CE 22900 @ Rs 131.35 x1755 | index 22884.15 stop 22725.45 target 23201.55 risk 158.7pts
[2026-08-12 22:27:35 IST] [INFO] [ORDER] [2025-02-17 15:15:00] EXIT | Reason=squareoff | P&L=+67209.00
[2026-08-12 22:27:35 IST] [INFO] [SYSTEM] ORB EXIT [squareoff] @ Rs 169.95 | index 22962.85 | net P&L Rs 67,209.00
[2026-08-12 22:27:35 IST] [INFO] [SYSTEM] New session 2025-02-18 — strategy state reset
[2026-08-12 22:27:35 IST] [INFO] [SYSTEM] Margin Check | Available=21511635.77 | Required=175500.00 | PASS
[2026-08-12 22:27:35 IST] [INFO] [SYSTEM] Paper fill: NIFTY18AUG2622850PE @ Rs 100.0 x1755
[2026-08-12 22:27:35 IST] [INFO] [ORDER] [2025-02-18 10:20:00] BUY PE | Strike=22850 | Price=100.00 | Qty=1755 | Mode=paper
[2026-08-12 22:27:35 IST] [INFO] [SYSTEM] ORB ENTRY SHORT PE 22850 @ Rs 100.0 x1755 | index 22858.50 stop 22992.50 target 22590.50 risk 134.0pts
[2026-08-12 22:27:36 IST] [INFO] [ORDER] [2025-02-18 15:15:00] EXIT | Reason=squareoff | P&L=-68324.55
[2026-08-12 22:27:36 IST] [INFO] [SYSTEM] ORB EXIT [squareoff] @ Rs 61.23 | index 22941.65 | net P&L Rs -68,324.55
[2026-08-12 22:27:36 IST] [WARNING] [SYSTEM] Daily loss limit reached (Rs -68,325 <= -Rs 10,000); no further trades today
[2026-08-12 22:27:36 IST] [INFO] [SYSTEM] New session 2025-02-19 — strategy state reset
[2026-08-12 22:27:36 IST] [INFO] [SYSTEM] Margin Check | Available=21443311.22 | Required=167602.50 | PASS
[2026-08-12 22:27:36 IST] [INFO] [SYSTEM] Paper fill: NIFTY18AUG2623000CE @ Rs 95.5 x1755
[2026-08-12 22:27:36 IST] [INFO] [ORDER] [2025-02-19 10:17:00] BUY CE | Strike=23000 | Price=95.50 | Qty=1755 | Mode=paper
[2026-08-12 22:27:36 IST] [INFO] [SYSTEM] ORB ENTRY LONG CE 23000 @ Rs 95.5 x1755 | index 23021.10 stop 22814.85 target 23433.60 risk 206.2pts
[2026-08-12 22:27:37 IST] [INFO] [ORDER] [2025-02-19 15:15:00] EXIT | Reason=squareoff | P&L=-84175.36
[2026-08-12 22:27:37 IST] [INFO] [SYSTEM] ORB EXIT [squareoff] @ Rs 47.68 | index 22934.45 | net P&L Rs -84,175.36
[2026-08-12 22:27:37 IST] [WARNING] [SYSTEM] Daily loss limit reached (Rs -84,175 <= -Rs 10,000); no further trades today
[2026-08-12 22:27:37 IST] [INFO] [SYSTEM] New session 2025-02-20 — strategy state reset
[2026-08-12 22:27:37 IST] [INFO] [SYSTEM] Margin Check | Available=21359135.86 | Required=60758.10 | PASS
[2026-08-12 22:27:37 IST] [INFO] [SYSTEM] Paper fill: NIFTY18AUG2622900CE @ Rs 34.62 x1755
[2026-08-12 22:27:37 IST] [INFO] [ORDER] [2025-02-20 11:08:00] BUY CE | Strike=22900 | Price=34.62 | Qty=1755 | Mode=paper
[2026-08-12 22:27:37 IST] [INFO] [SYSTEM] ORB ENTRY LONG CE 22900 @ Rs 34.62 x1755 | index 22906.20 stop 22812.75 target 23093.10 risk 93.5pts
[2026-08-12 22:27:38 IST] [INFO] [ORDER] [2025-02-20 15:15:00] EXIT | Reason=squareoff | P&L=-29851.65
[2026-08-12 22:27:38 IST] [INFO] [SYSTEM] ORB EXIT [squareoff] @ Rs 17.68 | index 22915.55 | net P&L Rs -29,851.65
[2026-08-12 22:27:38 IST] [WARNING] [SYSTEM] Daily loss limit reached (Rs -29,852 <= -Rs 10,000); no further trades today
[2026-08-12 22:27:38 IST] [INFO] [SYSTEM] New session 2025-02-21 — strategy state reset
[2026-08-12 22:27:38 IST] [INFO] [SYSTEM] Margin Check | Available=21329284.21 | Required=275236.65 | PASS
[2026-08-12 22:27:38 IST] [INFO] [SYSTEM] Paper fill: NIFTY18AUG2622750PE @ Rs 156.83 x1755
[2026-08-12 22:27:38 IST] [INFO] [ORDER] [2025-02-21 11:11:00] BUY PE | Strike=22750 | Price=156.83 | Qty=1755 | Mode=paper
[2026-08-12 22:27:38 IST] [INFO] [SYSTEM] ORB ENTRY SHORT PE 22750 @ Rs 156.83 x1755 | index 22750.25 stop 22921.00 target 22408.75 risk 170.8pts
[2026-08-12 22:27:39 IST] [INFO] [ORDER] [2025-02-21 15:15:00] EXIT | Reason=squareoff | P&L=-44748.69
[2026-08-12 22:27:39 IST] [INFO] [SYSTEM] ORB EXIT [squareoff] @ Rs 131.61 | index 22802.05 | net P&L Rs -44,748.69
[2026-08-12 22:27:39 IST] [WARNING] [SYSTEM] Daily loss limit reached (Rs -44,749 <= -Rs 10,000); no further trades today
[2026-08-12 22:27:39 IST] [INFO] [SYSTEM] New session 2025-02-24 — strategy state reset
[2026-08-12 22:27:39 IST] [INFO] [SYSTEM] Margin Check | Available=21284535.52 | Required=208774.80 | PASS
[2026-08-12 22:27:39 IST] [INFO] [SYSTEM] Paper fill: NIFTY18AUG2622550PE @ Rs 118.96 x1755
[2026-08-12 22:27:39 IST] [INFO] [ORDER] [2025-02-24 10:23:00] BUY PE | Strike=22550 | Price=118.96 | Qty=1755 | Mode=paper
[2026-08-12 22:27:39 IST] [INFO] [SYSTEM] ORB ENTRY SHORT PE 22550 @ Rs 118.96 x1755 | index 22550.20 stop 22668.05 target 22314.50 risk 117.8pts
[2026-08-12 22:27:40 IST] [INFO] [ORDER] [2025-02-24 15:15:00] EXIT | Reason=squareoff | P&L=-5415.15
[2026-08-12 22:27:40 IST] [INFO] [SYSTEM] ORB EXIT [squareoff] @ Rs 116.11 | index 22548.60 | net P&L Rs -5,415.15
[2026-08-12 22:27:40 IST] [INFO] [SYSTEM] New session 2025-02-25 — strategy state reset
[2026-08-12 22:27:41 IST] [INFO] [SYSTEM] New session 2025-02-27 — strategy state reset
[2026-08-12 22:27:41 IST] [INFO] [SYSTEM] Margin Check | Available=21279120.37 | Required=27114.75 | PASS
[2026-08-12 22:27:41 IST] [INFO] [SYSTEM] Paper fill: NIFTY18AUG2622500PE @ Rs 15.45 x1755
[2026-08-12 22:27:41 IST] [INFO] [ORDER] [2025-02-27 11:59:00] BUY PE | Strike=22500 | Price=15.45 | Qty=1755 | Mode=paper
[2026-08-12 22:27:41 IST] [INFO] [SYSTEM] ORB ENTRY SHORT PE 22500 @ Rs 15.45 x1755 | index 22525.00 stop 22613.30 target 22348.40 risk 88.3pts
[2026-08-12 22:27:42 IST] [INFO] [ORDER] [2025-02-27 15:15:00] EXIT | Reason=squareoff | P&L=-27092.07
[2026-08-12 22:27:42 IST] [INFO] [SYSTEM] ORB EXIT [squareoff] @ Rs 0.05 | index 22545.35 | net P&L Rs -27,092.07
[2026-08-12 22:27:42 IST] [WARNING] [SYSTEM] Daily loss limit reached (Rs -27,092 <= -Rs 10,000); no further trades today
[2026-08-12 22:27:42 IST] [INFO] [SYSTEM] New session 2025-02-28 — strategy state reset
[2026-08-12 22:27:43 IST] [INFO] [SYSTEM] Margin Check | Available=21252028.30 | Required=270270.00 | PASS
[2026-08-12 22:27:43 IST] [INFO] [SYSTEM] Paper fill: NIFTY18AUG2622200PE @ Rs 154.0 x1755
[2026-08-12 22:27:43 IST] [INFO] [ORDER] [2025-02-28 12:35:00] BUY PE | Strike=22200 | Price=154.00 | Qty=1755 | Mode=paper
[2026-08-12 22:27:43 IST] [INFO] [SYSTEM] ORB ENTRY SHORT PE 22200 @ Rs 154.0 x1755 | index 22206.40 stop 22450.35 target 21718.50 risk 243.9pts
[2026-08-12 22:27:43 IST] [INFO] [ORDER] [2025-02-28 15:15:00] EXIT | Reason=squareoff | P&L=+68330.26
[2026-08-12 22:27:43 IST] [INFO] [SYSTEM] ORB EXIT [squareoff] @ Rs 193.28 | index 22126.10 | net P&L Rs 68,330.26
[2026-08-12 22:27:43 IST] [INFO] [SYSTEM] New session 2025-03-03 — strategy state reset
[2026-08-12 22:27:44 IST] [INFO] [SYSTEM] New session 2025-03-04 — strategy state reset
[2026-08-12 22:27:45 IST] [INFO] [SYSTEM] New session 2025-03-05 — strategy state reset
[2026-08-12 22:27:45 IST] [INFO] [SYSTEM] Margin Check | Available=21320358.56 | Required=107651.70 | PASS
[2026-08-12 22:27:45 IST] [INFO] [SYSTEM] Paper fill: NIFTY18AUG2622300CE @ Rs 61.34 x1755
[2026-08-12 22:27:45 IST] [INFO] [ORDER] [2025-03-05 10:44:00] BUY CE | Strike=22300 | Price=61.34 | Qty=1755 | Mode=paper
[2026-08-12 22:27:45 IST] [INFO] [SYSTEM] ORB ENTRY LONG CE 22300 @ Rs 61.34 x1755 | index 22282.70 stop 22067.80 target 22712.50 risk 214.9pts
[2026-08-12 22:27:46 IST] [INFO] [ORDER] [2025-03-05 15:15:00] EXIT | Reason=squareoff | P&L=+33997.65
[2026-08-12 22:27:46 IST] [INFO] [SYSTEM] ORB EXIT [squareoff] @ Rs 80.87 | index 22330.70 | net P&L Rs 33,997.65
[2026-08-12 22:27:46 IST] [INFO] [SYSTEM] New session 2025-03-06 — strategy state reset
[2026-08-12 22:27:46 IST] [INFO] [SYSTEM] New session 2025-03-07 — strategy state reset
[2026-08-12 22:27:47 IST] [INFO] [SYSTEM] Margin Check | Available=21354356.21 | Required=327991.95 | PASS
[2026-08-12 22:27:47 IST] [INFO] [SYSTEM] Paper fill: NIFTY18AUG2622600CE @ Rs 186.89 x1755
[2026-08-12 22:27:47 IST] [INFO] [ORDER] [2025-03-07 10:17:00] BUY CE | Strike=22600 | Price=186.89 | Qty=1755 | Mode=paper
[2026-08-12 22:27:47 IST] [INFO] [SYSTEM] ORB ENTRY LONG CE 22600 @ Rs 186.89 x1755 | index 22619.50 stop 22464.75 target 22929.00 risk 154.8pts
[2026-08-12 22:27:48 IST] [INFO] [ORDER] [2025-03-07 15:15:00] EXIT | Reason=squareoff | P&L=-75520.59
[2026-08-12 22:27:48 IST] [INFO] [SYSTEM] ORB EXIT [squareoff] @ Rs 144.17 | index 22541.70 | net P&L Rs -75,520.59
[2026-08-12 22:27:48 IST] [WARNING] [SYSTEM] Daily loss limit reached (Rs -75,521 <= -Rs 10,000); no further trades today
[2026-08-12 22:27:48 IST] [INFO] [SYSTEM] New session 2025-03-10 — strategy state reset
[2026-08-12 22:27:48 IST] [INFO] [SYSTEM] New session 2025-03-11 — strategy state reset
[2026-08-12 22:27:49 IST] [INFO] [SYSTEM] Margin Check | Available=21278835.62 | Required=168041.25 | PASS
[2026-08-12 22:27:49 IST] [INFO] [SYSTEM] Paper fill: NIFTY18AUG2622450CE @ Rs 95.75 x1755
[2026-08-12 22:27:49 IST] [INFO] [ORDER] [2025-03-11 10:23:00] BUY CE | Strike=22450 | Price=95.75 | Qty=1755 | Mode=paper
[2026-08-12 22:27:49 IST] [INFO] [SYSTEM] ORB ENTRY LONG CE 22450 @ Rs 95.75 x1755 | index 22432.25 stop 22314.70 target 22667.35 risk 117.5pts
[2026-08-12 22:27:49 IST] [INFO] [ORDER] [2025-03-11 15:15:00] EXIT | Reason=squareoff | P&L=+52051.42
[2026-08-12 22:27:49 IST] [INFO] [SYSTEM] ORB EXIT [squareoff] @ Rs 125.64 | index 22497.05 | net P&L Rs 52,051.42
[2026-08-12 22:27:49 IST] [INFO] [SYSTEM] New session 2025-03-12 — strategy state reset
[2026-08-12 22:27:50 IST] [INFO] [SYSTEM] Margin Check | Available=21330887.04 | Required=124394.40 | PASS
[2026-08-12 22:27:50 IST] [INFO] [SYSTEM] Paper fill: NIFTY18AUG2622400PE @ Rs 70.88 x1755
[2026-08-12 22:27:50 IST] [INFO] [ORDER] [2025-03-12 10:53:00] BUY PE | Strike=22400 | Price=70.88 | Qty=1755 | Mode=paper
[2026-08-12 22:27:50 IST] [INFO] [SYSTEM] ORB ENTRY SHORT PE 22400 @ Rs 70.88 x1755 | index 22407.35 stop 22577.40 target 22067.25 risk 170.1pts
[2026-08-12 22:27:50 IST] [INFO] [ORDER] [2025-03-12 15:15:00] EXIT | Reason=squareoff | P&L=-49949.47
[2026-08-12 22:27:50 IST] [INFO] [SYSTEM] ORB EXIT [squareoff] @ Rs 42.54 | index 22462.15 | net P&L Rs -49,949.47
[2026-08-12 22:27:50 IST] [WARNING] [SYSTEM] Daily loss limit reached (Rs -49,949 <= -Rs 10,000); no further trades today
[2026-08-12 22:27:50 IST] [INFO] [SYSTEM] New session 2025-03-13 — strategy state reset
[2026-08-12 22:27:51 IST] [INFO] [SYSTEM] Margin Check | Available=21280937.57 | Required=48946.95 | PASS
[2026-08-12 22:27:51 IST] [INFO] [SYSTEM] Paper fill: NIFTY18AUG2622450PE @ Rs 27.89 x1755
[2026-08-12 22:27:51 IST] [INFO] [ORDER] [2025-03-13 11:38:00] BUY PE | Strike=22450 | Price=27.89 | Qty=1755 | Mode=paper
[2026-08-12 22:27:51 IST] [INFO] [SYSTEM] ORB ENTRY SHORT PE 22450 @ Rs 27.89 x1755 | index 22447.10 stop 22556.00 target 22229.30 risk 108.9pts
[2026-08-12 22:27:51 IST] [INFO] [ORDER] [2025-03-13 15:15:00] EXIT | Reason=squareoff | P&L=+18780.76
[2026-08-12 22:27:51 IST] [INFO] [SYSTEM] ORB EXIT [squareoff] @ Rs 38.68 | index 22411.35 | net P&L Rs 18,780.76
[2026-08-12 22:27:51 IST] [INFO] [SYSTEM] New session 2025-03-17 — strategy state reset
[2026-08-12 22:27:52 IST] [INFO] [SYSTEM] New session 2025-03-18 — strategy state reset
[2026-08-12 22:27:52 IST] [INFO] [SYSTEM] Margin Check | Available=21299718.33 | Required=199403.10 | PASS
[2026-08-12 22:27:52 IST] [INFO] [SYSTEM] Paper fill: NIFTY18AUG2622750CE @ Rs 113.62 x1755
[2026-08-12 22:27:52 IST] [INFO] [ORDER] [2025-03-18 10:29:00] BUY CE | Strike=22750 | Price=113.62 | Qty=1755 | Mode=paper
[2026-08-12 22:27:52 IST] [INFO] [SYSTEM] ORB ENTRY LONG CE 22750 @ Rs 113.62 x1755 | index 22763.85 stop 22599.20 target 23093.15 risk 164.6pts
[2026-08-12 22:27:53 IST] [INFO] [ORDER] [2025-03-18 15:15:00] EXIT | Reason=squareoff | P&L=+71138.59
[2026-08-12 22:27:53 IST] [INFO] [SYSTEM] ORB EXIT [squareoff] @ Rs 154.43 | index 22840.45 | net P&L Rs 71,138.59
[2026-08-12 22:27:53 IST] [INFO] [SYSTEM] New session 2025-03-19 — strategy state reset
[2026-08-12 22:27:53 IST] [INFO] [SYSTEM] Margin Check | Available=21370856.92 | Required=127518.30 | PASS
[2026-08-12 22:27:53 IST] [INFO] [SYSTEM] Paper fill: NIFTY18AUG2622900CE @ Rs 72.66 x1755
[2026-08-12 22:27:53 IST] [INFO] [ORDER] [2025-03-19 10:23:00] BUY CE | Strike=22900 | Price=72.66 | Qty=1755 | Mode=paper
[2026-08-12 22:27:53 IST] [INFO] [SYSTEM] ORB ENTRY LONG CE 22900 @ Rs 72.66 x1755 | index 22896.60 stop 22807.95 target 23073.90 risk 88.6pts
[2026-08-12 22:27:54 IST] [INFO] [ORDER] [2025-03-19 15:15:00] EXIT | Reason=squareoff | P&L=-940.48
[2026-08-12 22:27:54 IST] [INFO] [SYSTEM] ORB EXIT [squareoff] @ Rs 72.28 | index 22908.80 | net P&L Rs -940.48
[2026-08-12 22:27:54 IST] [INFO] [SYSTEM] New session 2025-03-20 — strategy state reset
[2026-08-12 22:27:55 IST] [INFO] [SYSTEM] Margin Check | Available=21369916.44 | Required=25693.20 | PASS
[2026-08-12 22:27:55 IST] [INFO] [SYSTEM] Paper fill: NIFTY18AUG2623100CE @ Rs 14.64 x1755
[2026-08-12 22:27:55 IST] [INFO] [ORDER] [2025-03-20 12:20:00] BUY CE | Strike=23100 | Price=14.64 | Qty=1755 | Mode=paper
[2026-08-12 22:27:55 IST] [INFO] [SYSTEM] ORB ENTRY LONG CE 23100 @ Rs 14.64 x1755 | index 23078.60 stop 22973.95 target 23287.90 risk 104.6pts
[2026-08-12 22:27:55 IST] [INFO] [ORDER] [2025-03-20 15:15:00] EXIT | Reason=squareoff | P&L=+124371.79
[2026-08-12 22:27:55 IST] [INFO] [SYSTEM] ORB EXIT [squareoff] @ Rs 85.64 | index 23185.60 | net P&L Rs 124,371.79
[2026-08-12 22:27:55 IST] [INFO] [SYSTEM] New session 2025-03-21 — strategy state reset
[2026-08-12 22:27:56 IST] [INFO] [SYSTEM] Margin Check | Available=21494288.23 | Required=309476.70 | PASS
[2026-08-12 22:27:56 IST] [INFO] [SYSTEM] Paper fill: NIFTY18AUG2623300CE @ Rs 176.34 x1755
[2026-08-12 22:27:56 IST] [INFO] [ORDER] [2025-03-21 10:29:00] BUY CE | Strike=23300 | Price=176.34 | Qty=1755 | Mode=paper
[2026-08-12 22:27:56 IST] [INFO] [SYSTEM] ORB ENTRY LONG CE 23300 @ Rs 176.34 x1755 | index 23299.45 stop 23132.80 target 23632.75 risk 166.7pts
[2026-08-12 22:27:56 IST] [INFO] [ORDER] [2025-03-21 15:15:00] EXIT | Reason=squareoff | P&L=+40317.20
[2026-08-12 22:27:56 IST] [INFO] [SYSTEM] ORB EXIT [squareoff] @ Rs 199.68 | index 23347.35 | net P&L Rs 40,317.20
[2026-08-12 22:27:56 IST] [INFO] [SYSTEM] New session 2025-03-24 — strategy state reset
[2026-08-12 22:27:57 IST] [INFO] [SYSTEM] Margin Check | Available=21534605.43 | Required=252316.35 | PASS
[2026-08-12 22:27:57 IST] [INFO] [SYSTEM] Paper fill: NIFTY18AUG2623550CE @ Rs 143.77 x1755
[2026-08-12 22:27:57 IST] [INFO] [ORDER] [2025-03-24 10:35:00] BUY CE | Strike=23550 | Price=143.77 | Qty=1755 | Mode=paper
[2026-08-12 22:27:57 IST] [INFO] [SYSTEM] ORB ENTRY LONG CE 23550 @ Rs 143.77 x1755 | index 23566.25 stop 23433.50 target 23831.75 risk 132.8pts
[2026-08-12 22:27:57 IST] [INFO] [ORDER] [2025-03-24 15:15:00] EXIT | Reason=squareoff | P&L=+93570.72
[2026-08-12 22:27:57 IST] [INFO] [SYSTEM] ORB EXIT [squareoff] @ Rs 197.43 | index 23663.00 | net P&L Rs 93,570.72
[2026-08-12 22:27:57 IST] [INFO] [SYSTEM] New session 2025-03-25 — strategy state reset
[2026-08-12 22:27:58 IST] [INFO] [SYSTEM] Margin Check | Available=21628176.15 | Required=184555.80 | PASS
[2026-08-12 22:27:58 IST] [INFO] [SYSTEM] Paper fill: NIFTY18AUG2623650PE @ Rs 105.16 x1755
[2026-08-12 22:27:58 IST] [INFO] [ORDER] [2025-03-25 11:41:00] BUY PE | Strike=23650 | Price=105.16 | Qty=1755 | Mode=paper
[2026-08-12 22:27:58 IST] [INFO] [SYSTEM] ORB ENTRY SHORT PE 23650 @ Rs 105.16 x1755 | index 23651.00 stop 23869.60 target 23213.80 risk 218.6pts
[2026-08-12 22:27:58 IST] [INFO] [ORDER] [2025-03-25 15:15:00] EXIT | Reason=squareoff | P&L=-7282.82
[2026-08-12 22:27:58 IST] [INFO] [SYSTEM] ORB EXIT [squareoff] @ Rs 101.22 | index 23651.80 | net P&L Rs -7,282.82
[2026-08-12 22:27:58 IST] [INFO] [SYSTEM] New session 2025-03-26 — strategy state reset
[2026-08-12 22:27:59 IST] [INFO] [SYSTEM] Margin Check | Available=21620893.33 | Required=139908.60 | PASS
[2026-08-12 22:27:59 IST] [INFO] [SYSTEM] Paper fill: NIFTY18AUG2623600PE @ Rs 79.72 x1755
[2026-08-12 22:27:59 IST] [INFO] [ORDER] [2025-03-26 11:59:00] BUY PE | Strike=23600 | Price=79.72 | Qty=1755 | Mode=paper
[2026-08-12 22:27:59 IST] [INFO] [SYSTEM] ORB ENTRY SHORT PE 23600 @ Rs 79.72 x1755 | index 23589.15 stop 23736.50 target 23294.45 risk 147.3pts
[2026-08-12 22:27:59 IST] [INFO] [ORDER] [2025-03-26 15:15:00] EXIT | Reason=squareoff | P&L=+99976.62
[2026-08-12 22:27:59 IST] [INFO] [SYSTEM] ORB EXIT [squareoff] @ Rs 136.92 | index 23489.75 | net P&L Rs 99,976.62
[2026-08-12 22:27:59 IST] [INFO] [SYSTEM] New session 2025-03-27 — strategy state reset
[2026-08-12 22:28:00 IST] [INFO] [SYSTEM] New session 2025-03-28 — strategy state reset
[2026-08-12 22:28:00 IST] [INFO] [SYSTEM] Margin Check | Available=21720869.95 | Required=342154.80 | PASS
[2026-08-12 22:28:00 IST] [INFO] [SYSTEM] Paper fill: NIFTY18AUG2623650CE @ Rs 194.96 x1755
[2026-08-12 22:28:00 IST] [INFO] [ORDER] [2025-03-28 10:47:00] BUY CE | Strike=23650 | Price=194.96 | Qty=1755 | Mode=paper
[2026-08-12 22:28:00 IST] [INFO] [SYSTEM] ORB ENTRY LONG CE 23650 @ Rs 194.96 x1755 | index 23640.25 stop 23504.95 target 23910.85 risk 135.3pts
[2026-08-12 22:28:01 IST] [INFO] [ORDER] [2025-03-28 12:32:00] EXIT | Reason=stoploss | P&L=-111921.07
[2026-08-12 22:28:01 IST] [INFO] [SYSTEM] ORB EXIT [stoploss] @ Rs 131.49 | index 23504.95 | net P&L Rs -111,921.07
[2026-08-12 22:28:01 IST] [WARNING] [SYSTEM] Daily loss limit reached (Rs -111,921 <= -Rs 10,000); no further trades today
[2026-08-12 22:28:01 IST] [INFO] [SYSTEM] New session 2025-04-01 — strategy state reset
[2026-08-12 22:28:01 IST] [INFO] [SYSTEM] Margin Check | Available=21608948.88 | Required=160091.10 | PASS
[2026-08-12 22:28:01 IST] [INFO] [SYSTEM] Paper fill: NIFTY18AUG2623300PE @ Rs 91.22 x1755
[2026-08-12 22:28:01 IST] [INFO] [ORDER] [2025-04-01 10:26:00] BUY PE | Strike=23300 | Price=91.22 | Qty=1755 | Mode=paper
[2026-08-12 22:28:01 IST] [INFO] [SYSTEM] ORB ENTRY SHORT PE 23300 @ Rs 91.22 x1755 | index 23324.05 stop 23565.15 target 22841.85 risk 241.1pts
[2026-08-12 22:28:02 IST] [INFO] [ORDER] [2025-04-01 15:15:00] EXIT | Reason=squareoff | P&L=+141154.29
[2026-08-12 22:28:02 IST] [INFO] [SYSTEM] ORB EXIT [squareoff] @ Rs 171.93 | index 23172.90 | net P&L Rs 141,154.29
[2026-08-12 22:28:02 IST] [INFO] [SYSTEM] New session 2025-04-02 — strategy state reset
[2026-08-12 22:28:03 IST] [INFO] [SYSTEM] New session 2025-04-03 — strategy state reset
[2026-08-12 22:28:03 IST] [INFO] [SYSTEM] Margin Check | Available=21750103.17 | Required=53001.00 | PASS
[2026-08-12 22:28:03 IST] [INFO] [SYSTEM] Paper fill: NIFTY18AUG2623300CE @ Rs 30.2 x1755
[2026-08-12 22:28:03 IST] [INFO] [ORDER] [2025-04-03 10:26:00] BUY CE | Strike=23300 | Price=30.20 | Qty=1755 | Mode=paper
[2026-08-12 22:28:03 IST] [INFO] [SYSTEM] ORB ENTRY LONG CE 23300 @ Rs 30.2 x1755 | index 23295.95 stop 23145.80 target 23596.25 risk 150.2pts
[2026-08-12 22:28:04 IST] [INFO] [ORDER] [2025-04-03 15:15:00] EXIT | Reason=squareoff | P&L=-52995.30
[2026-08-12 22:28:04 IST] [INFO] [SYSTEM] ORB EXIT [squareoff] @ Rs 0.05 | index 23245.65 | net P&L Rs -52,995.30
[2026-08-12 22:28:04 IST] [WARNING] [SYSTEM] Daily loss limit reached (Rs -52,995 <= -Rs 10,000); no further trades today
[2026-08-12 22:28:04 IST] [INFO] [SYSTEM] New session 2025-04-04 — strategy state reset
[2026-08-12 22:28:05 IST] [INFO] [SYSTEM] New session 2025-04-07 — strategy state reset
[2026-08-12 22:28:06 IST] [INFO] [SYSTEM] New session 2025-04-08 — strategy state reset
[2026-08-12 22:28:06 IST] [INFO] [SYSTEM] Margin Check | Available=21697107.87 | Required=321305.40 | PASS
[2026-08-12 22:28:06 IST] [INFO] [SYSTEM] Paper fill: NIFTY18AUG2622350PE @ Rs 183.08 x1755
[2026-08-12 22:28:06 IST] [INFO] [ORDER] [2025-04-08 10:35:00] BUY PE | Strike=22350 | Price=183.08 | Qty=1755 | Mode=paper
[2026-08-12 22:28:06 IST] [INFO] [SYSTEM] ORB ENTRY SHORT PE 22350 @ Rs 183.08 x1755 | index 22340.05 stop 22577.55 target 21865.05 risk 237.5pts
[2026-08-12 22:28:06 IST] [INFO] [ORDER] [2025-04-08 12:26:00] EXIT | Reason=stoploss | P&L=-170329.79
[2026-08-12 22:28:06 IST] [INFO] [SYSTEM] ORB EXIT [stoploss] @ Rs 86.27 | index 22577.55 | net P&L Rs -170,329.79
[2026-08-12 22:28:06 IST] [WARNING] [SYSTEM] Daily loss limit reached (Rs -170,330 <= -Rs 10,000); no further trades today
[2026-08-12 22:28:07 IST] [INFO] [SYSTEM] New session 2025-04-09 — strategy state reset
[2026-08-12 22:28:08 IST] [INFO] [SYSTEM] New session 2025-04-11 — strategy state reset
[2026-08-12 22:28:08 IST] [INFO] [SYSTEM] Margin Check | Available=21526778.08 | Required=566777.25 | PASS
[2026-08-12 22:28:08 IST] [INFO] [SYSTEM] Paper fill: NIFTY18AUG2622900CE @ Rs 322.95 x1755
[2026-08-12 22:28:08 IST] [INFO] [ORDER] [2025-04-11 11:35:00] BUY CE | Strike=22900 | Price=322.95 | Qty=1755 | Mode=paper
[2026-08-12 22:28:08 IST] [INFO] [SYSTEM] ORB ENTRY LONG CE 22900 @ Rs 322.95 x1755 | index 22887.60 stop 22695.40 target 23272.00 risk 192.2pts
[2026-08-12 22:28:09 IST] [INFO] [ORDER] [2025-04-11 15:15:00] EXIT | Reason=squareoff | P&L=-63955.17
[2026-08-12 22:28:09 IST] [INFO] [SYSTEM] ORB EXIT [squareoff] @ Rs 287.07 | index 22823.95 | net P&L Rs -63,955.17
[2026-08-12 22:28:09 IST] [WARNING] [SYSTEM] Daily loss limit reached (Rs -63,955 <= -Rs 10,000); no further trades today
[2026-08-12 22:28:09 IST] [INFO] [SYSTEM] New session 2025-04-15 — strategy state reset
[2026-08-12 22:28:09 IST] [INFO] [SYSTEM] New session 2025-04-16 — strategy state reset
[2026-08-12 22:28:10 IST] [INFO] [SYSTEM] New session 2025-04-17 — strategy state reset
[2026-08-12 22:28:11 IST] [INFO] [SYSTEM] Margin Check | Available=21462822.91 | Required=101930.40 | PASS
[2026-08-12 22:28:11 IST] [INFO] [SYSTEM] Paper fill: NIFTY18AUG2623450CE @ Rs 58.08 x1755
[2026-08-12 22:28:11 IST] [INFO] [ORDER] [2025-04-17 10:50:00] BUY CE | Strike=23450 | Price=58.08 | Qty=1755 | Mode=paper
[2026-08-12 22:28:11 IST] [INFO] [SYSTEM] ORB ENTRY LONG CE 23450 @ Rs 58.08 x1755 | index 23444.20 stop 23298.55 target 23735.50 risk 145.7pts
[2026-08-12 22:28:11 IST] [INFO] [ORDER] [2025-04-17 12:49:00] EXIT | Reason=target | P&L=+399706.31
[2026-08-12 22:28:11 IST] [INFO] [SYSTEM] ORB EXIT [target] @ Rs 286.22 | index 23735.50 | net P&L Rs 399,706.31
[2026-08-12 22:28:11 IST] [INFO] [SYSTEM] New session 2025-04-21 — strategy state reset
[2026-08-12 22:28:12 IST] [INFO] [SYSTEM] Margin Check | Available=21862529.22 | Required=497718.00 | PASS
[2026-08-12 22:28:12 IST] [INFO] [SYSTEM] Paper fill: NIFTY18AUG2624050CE @ Rs 283.6 x1755
[2026-08-12 22:28:12 IST] [INFO] [ORDER] [2025-04-21 10:47:00] BUY CE | Strike=24050 | Price=283.60 | Qty=1755 | Mode=paper
[2026-08-12 22:28:12 IST] [INFO] [SYSTEM] ORB ENTRY LONG CE 24050 @ Rs 283.6 x1755 | index 24070.15 stop 23903.65 target 24403.15 risk 166.5pts
[2026-08-12 22:28:12 IST] [INFO] [ORDER] [2025-04-21 15:15:00] EXIT | Reason=squareoff | P&L=+40157.25
[2026-08-12 22:28:12 IST] [INFO] [SYSTEM] ORB EXIT [squareoff] @ Rs 307.04 | index 24128.50 | net P&L Rs 40,157.25
[2026-08-12 22:28:12 IST] [INFO] [SYSTEM] New session 2025-04-22 — strategy state reset
[2026-08-12 22:28:13 IST] [INFO] [SYSTEM] Margin Check | Available=21902686.47 | Required=405791.10 | PASS
[2026-08-12 22:28:13 IST] [INFO] [SYSTEM] Paper fill: NIFTY18AUG2624200CE @ Rs 231.22 x1755
[2026-08-12 22:28:13 IST] [INFO] [ORDER] [2025-04-22 10:35:00] BUY CE | Strike=24200 | Price=231.22 | Qty=1755 | Mode=paper
[2026-08-12 22:28:13 IST] [INFO] [SYSTEM] ORB ENTRY LONG CE 24200 @ Rs 231.22 x1755 | index 24209.35 stop 24072.00 target 24484.05 risk 137.3pts
[2026-08-12 22:28:13 IST] [INFO] [ORDER] [2025-04-22 15:15:00] EXIT | Reason=squareoff | P&L=-61091.51
[2026-08-12 22:28:13 IST] [INFO] [SYSTEM] ORB EXIT [squareoff] @ Rs 196.81 | index 24161.35 | net P&L Rs -61,091.51
[2026-08-12 22:28:13 IST] [WARNING] [SYSTEM] Daily loss limit reached (Rs -61,092 <= -Rs 10,000); no further trades today
[2026-08-12 22:28:13 IST] [INFO] [SYSTEM] New session 2025-04-23 — strategy state reset
[2026-08-12 22:28:14 IST] [INFO] [SYSTEM] Margin Check | Available=21841594.96 | Required=264987.45 | PASS
[2026-08-12 22:28:14 IST] [INFO] [SYSTEM] Paper fill: NIFTY18AUG2624150PE @ Rs 150.99 x1755
[2026-08-12 22:28:14 IST] [INFO] [ORDER] [2025-04-23 10:44:00] BUY PE | Strike=24150 | Price=150.99 | Qty=1755 | Mode=paper
[2026-08-12 22:28:14 IST] [INFO] [SYSTEM] ORB ENTRY SHORT PE 24150 @ Rs 150.99 x1755 | index 24169.50 stop 24359.30 target 23789.90 risk 189.8pts
[2026-08-12 22:28:14 IST] [INFO] [ORDER] [2025-04-23 15:15:00] EXIT | Reason=squareoff | P&L=-128069.24
[2026-08-12 22:28:14 IST] [INFO] [SYSTEM] ORB EXIT [squareoff] @ Rs 78.23 | index 24321.80 | net P&L Rs -128,069.24
[2026-08-12 22:28:14 IST] [WARNING] [SYSTEM] Daily loss limit reached (Rs -128,069 <= -Rs 10,000); no further trades today
[2026-08-12 22:28:14 IST] [INFO] [SYSTEM] New session 2025-04-24 — strategy state reset
[2026-08-12 22:28:15 IST] [INFO] [SYSTEM] New session 2025-04-25 — strategy state reset
[2026-08-12 22:28:15 IST] [INFO] [SYSTEM] Margin Check | Available=21713525.72 | Required=631326.15 | PASS
[2026-08-12 22:28:15 IST] [INFO] [SYSTEM] Paper fill: NIFTY18AUG2623950PE @ Rs 359.73 x1755
[2026-08-12 22:28:15 IST] [INFO] [ORDER] [2025-04-25 10:29:00] BUY PE | Strike=23950 | Price=359.73 | Qty=1755 | Mode=paper
[2026-08-12 22:28:16 IST] [INFO] [SYSTEM] ORB ENTRY SHORT PE 23950 @ Rs 359.73 x1755 | index 23927.50 stop 24365.45 target 23051.60 risk 438.0pts
[2026-08-12 22:28:16 IST] [INFO] [ORDER] [2025-04-25 15:15:00] EXIT | Reason=squareoff | P&L=-109526.07
[2026-08-12 22:28:16 IST] [INFO] [SYSTEM] ORB EXIT [squareoff] @ Rs 297.92 | index 24049.05 | net P&L Rs -109,526.07
[2026-08-12 22:28:16 IST] [WARNING] [SYSTEM] Daily loss limit reached (Rs -109,526 <= -Rs 10,000); no further trades today
[2026-08-12 22:28:16 IST] [INFO] [SYSTEM] New session 2025-04-28 — strategy state reset
[2026-08-12 22:28:17 IST] [INFO] [SYSTEM] Margin Check | Available=21603999.65 | Required=480694.50 | PASS
[2026-08-12 22:28:17 IST] [INFO] [SYSTEM] Paper fill: NIFTY18AUG2624300CE @ Rs 273.9 x1755
[2026-08-12 22:28:17 IST] [INFO] [ORDER] [2025-04-28 12:17:00] BUY CE | Strike=24300 | Price=273.90 | Qty=1755 | Mode=paper
[2026-08-12 22:28:17 IST] [INFO] [SYSTEM] ORB ENTRY LONG CE 24300 @ Rs 273.9 x1755 | index 24311.55 stop 24054.05 target 24826.55 risk 257.5pts
[2026-08-12 22:28:17 IST] [INFO] [ORDER] [2025-04-28 15:15:00] EXIT | Reason=squareoff | P&L=+6108.76
[2026-08-12 22:28:17 IST] [INFO] [SYSTEM] ORB EXIT [squareoff] @ Rs 277.9 | index 24329.55 | net P&L Rs 6,108.76
[2026-08-12 22:28:17 IST] [INFO] [SYSTEM] New session 2025-04-29 — strategy state reset
[2026-08-12 22:28:18 IST] [INFO] [SYSTEM] New session 2025-04-30 — strategy state reset
[2026-08-12 22:28:19 IST] [INFO] [SYSTEM] New session 2025-05-02 — strategy state reset
[2026-08-12 22:28:20 IST] [INFO] [SYSTEM] Margin Check | Available=21610108.41 | Required=632151.00 | PASS
[2026-08-12 22:28:20 IST] [INFO] [SYSTEM] Paper fill: NIFTY18AUG2624300PE @ Rs 360.2 x1755
[2026-08-12 22:28:20 IST] [INFO] [ORDER] [2025-05-02 12:26:00] BUY PE | Strike=24300 | Price=360.20 | Qty=1755 | Mode=paper
[2026-08-12 22:28:20 IST] [INFO] [SYSTEM] ORB ENTRY SHORT PE 24300 @ Rs 360.2 x1755 | index 24285.70 stop 24589.15 target 23678.80 risk 303.5pts
[2026-08-12 22:28:20 IST] [INFO] [ORDER] [2025-05-02 15:15:00] EXIT | Reason=squareoff | P&L=-39476.67
[2026-08-12 22:28:20 IST] [INFO] [SYSTEM] ORB EXIT [squareoff] @ Rs 338.35 | index 24324.50 | net P&L Rs -39,476.67
[2026-08-12 22:28:20 IST] [WARNING] [SYSTEM] Daily loss limit reached (Rs -39,477 <= -Rs 10,000); no further trades today
[2026-08-12 22:28:20 IST] [INFO] [SYSTEM] New session 2025-05-05 — strategy state reset
[2026-08-12 22:28:20 IST] [INFO] [SYSTEM] Margin Check | Available=21570631.74 | Required=497384.55 | PASS
[2026-08-12 22:28:20 IST] [INFO] [SYSTEM] Paper fill: NIFTY18AUG2624500CE @ Rs 283.41 x1755
[2026-08-12 22:28:20 IST] [INFO] [ORDER] [2025-05-05 10:44:00] BUY CE | Strike=24500 | Price=283.41 | Qty=1755 | Mode=paper
[2026-08-12 22:28:20 IST] [INFO] [SYSTEM] ORB ENTRY LONG CE 24500 @ Rs 283.41 x1755 | index 24522.65 stop 24400.65 target 24766.65 risk 122.0pts
[2026-08-12 22:28:21 IST] [INFO] [ORDER] [2025-05-05 15:15:00] EXIT | Reason=squareoff | P&L=-71527.36
[2026-08-12 22:28:21 IST] [INFO] [SYSTEM] ORB EXIT [squareoff] @ Rs 243.14 | index 24459.75 | net P&L Rs -71,527.36
[2026-08-12 22:28:21 IST] [WARNING] [SYSTEM] Daily loss limit reached (Rs -71,527 <= -Rs 10,000); no further trades today
[2026-08-12 22:28:21 IST] [INFO] [SYSTEM] New session 2025-05-06 — strategy state reset
[2026-08-12 22:28:21 IST] [INFO] [SYSTEM] Margin Check | Available=21499104.38 | Required=351930.15 | PASS
[2026-08-12 22:28:21 IST] [INFO] [SYSTEM] Paper fill: NIFTY18AUG2624350PE @ Rs 200.53 x1755
[2026-08-12 22:28:21 IST] [INFO] [ORDER] [2025-05-06 10:26:00] BUY PE | Strike=24350 | Price=200.53 | Qty=1755 | Mode=paper
[2026-08-12 22:28:21 IST] [INFO] [SYSTEM] ORB ENTRY SHORT PE 24350 @ Rs 200.53 x1755 | index 24371.65 stop 24509.65 target 24095.65 risk 138.0pts
[2026-08-12 22:28:22 IST] [INFO] [ORDER] [2025-05-06 15:15:00] EXIT | Reason=squareoff | P&L=-17310.21
[2026-08-12 22:28:22 IST] [INFO] [SYSTEM] ORB EXIT [squareoff] @ Rs 191.04 | index 24371.45 | net P&L Rs -17,310.21
[2026-08-12 22:28:22 IST] [WARNING] [SYSTEM] Daily loss limit reached (Rs -17,310 <= -Rs 10,000); no further trades today
[2026-08-12 22:28:22 IST] [INFO] [SYSTEM] New session 2025-05-07 — strategy state reset
[2026-08-12 22:28:23 IST] [INFO] [SYSTEM] New session 2025-05-08 — strategy state reset
[2026-08-12 22:28:23 IST] [INFO] [SYSTEM] Margin Check | Available=21481794.17 | Required=68480.10 | PASS
[2026-08-12 22:28:23 IST] [INFO] [SYSTEM] Paper fill: NIFTY18AUG2624350PE @ Rs 39.02 x1755
[2026-08-12 22:28:23 IST] [INFO] [ORDER] [2025-05-08 13:23:00] BUY PE | Strike=24350 | Price=39.02 | Qty=1755 | Mode=paper
[2026-08-12 22:28:23 IST] [INFO] [SYSTEM] ORB ENTRY SHORT PE 24350 @ Rs 39.02 x1755 | index 24358.15 stop 24447.25 target 24179.95 risk 89.1pts
[2026-08-12 22:28:24 IST] [INFO] [ORDER] [2025-05-08 15:15:00] EXIT | Reason=squareoff | P&L=+24250.47
[2026-08-12 22:28:24 IST] [INFO] [SYSTEM] ORB EXIT [squareoff] @ Rs 52.95 | index 24298.40 | net P&L Rs 24,250.47
[2026-08-12 22:28:24 IST] [INFO] [SYSTEM] New session 2025-05-09 — strategy state reset
[2026-08-12 22:28:25 IST] [INFO] [SYSTEM] New session 2025-05-12 — strategy state reset
[2026-08-12 22:28:25 IST] [INFO] [SYSTEM] Margin Check | Available=21506044.64 | Required=289627.65 | PASS
[2026-08-12 22:28:25 IST] [INFO] [SYSTEM] Paper fill: NIFTY18AUG2624800CE @ Rs 165.03 x1755
[2026-08-12 22:28:25 IST] [INFO] [ORDER] [2025-05-12 12:32:00] BUY CE | Strike=24800 | Price=165.03 | Qty=1755 | Mode=paper
[2026-08-12 22:28:25 IST] [INFO] [SYSTEM] ORB ENTRY LONG CE 24800 @ Rs 165.03 x1755 | index 24776.00 stop 24378.85 target 25570.30 risk 397.2pts
[2026-08-12 22:28:26 IST] [INFO] [ORDER] [2025-05-12 15:15:00] EXIT | Reason=squareoff | P&L=+133017.45
[2026-08-12 22:28:26 IST] [INFO] [SYSTEM] ORB EXIT [squareoff] @ Rs 241.23 | index 24918.00 | net P&L Rs 133,017.45
[2026-08-12 22:28:26 IST] [INFO] [SYSTEM] New session 2025-05-13 — strategy state reset
[2026-08-12 22:28:26 IST] [INFO] [SYSTEM] Margin Check | Available=21639062.09 | Required=237732.30 | PASS
[2026-08-12 22:28:26 IST] [INFO] [SYSTEM] Paper fill: NIFTY18AUG2624650PE @ Rs 135.46 x1755
[2026-08-12 22:28:26 IST] [INFO] [ORDER] [2025-05-13 10:29:00] BUY PE | Strike=24650 | Price=135.46 | Qty=1755 | Mode=paper
[2026-08-12 22:28:26 IST] [INFO] [SYSTEM] ORB ENTRY SHORT PE 24650 @ Rs 135.46 x1755 | index 24658.20 stop 24973.80 target 24027.00 risk 315.6pts
[2026-08-12 22:28:27 IST] [INFO] [ORDER] [2025-05-13 15:15:00] EXIT | Reason=squareoff | P&L=+69247.19
[2026-08-12 22:28:27 IST] [INFO] [SYSTEM] ORB EXIT [squareoff] @ Rs 175.23 | index 24571.10 | net P&L Rs 69,247.19
[2026-08-12 22:28:27 IST] [INFO] [SYSTEM] New session 2025-05-14 — strategy state reset
[2026-08-12 22:28:27 IST] [INFO] [SYSTEM] Margin Check | Available=21708309.28 | Required=167198.85 | PASS
[2026-08-12 22:28:27 IST] [INFO] [SYSTEM] Paper fill: NIFTY18AUG2624550PE @ Rs 95.27 x1755
[2026-08-12 22:28:27 IST] [INFO] [ORDER] [2025-05-14 12:50:00] BUY PE | Strike=24550 | Price=95.27 | Qty=1755 | Mode=paper
[2026-08-12 22:28:27 IST] [INFO] [SYSTEM] ORB ENTRY SHORT PE 24550 @ Rs 95.27 x1755 | index 24572.20 stop 24758.55 target 24199.50 risk 186.3pts
[2026-08-12 22:28:28 IST] [INFO] [ORDER] [2025-05-14 15:15:00] EXIT | Reason=squareoff | P&L=-66837.23
[2026-08-12 22:28:28 IST] [INFO] [SYSTEM] ORB EXIT [squareoff] @ Rs 57.34 | index 24656.35 | net P&L Rs -66,837.23
[2026-08-12 22:28:28 IST] [WARNING] [SYSTEM] Daily loss limit reached (Rs -66,837 <= -Rs 10,000); no further trades today
[2026-08-12 22:28:28 IST] [INFO] [SYSTEM] New session 2025-05-15 — strategy state reset
[2026-08-12 22:28:28 IST] [INFO] [SYSTEM] Margin Check | Available=21641472.05 | Required=87311.25 | PASS
[2026-08-12 22:28:28 IST] [INFO] [SYSTEM] Paper fill: NIFTY18AUG2624750CE @ Rs 49.75 x1755
[2026-08-12 22:28:28 IST] [INFO] [ORDER] [2025-05-15 10:41:00] BUY CE | Strike=24750 | Price=49.75 | Qty=1755 | Mode=paper
[2026-08-12 22:28:28 IST] [INFO] [SYSTEM] ORB ENTRY LONG CE 24750 @ Rs 49.75 x1755 | index 24763.50 stop 24494.45 target 25301.60 risk 269.0pts
[2026-08-12 22:28:29 IST] [INFO] [ORDER] [2025-05-15 15:15:00] EXIT | Reason=squareoff | P&L=+434284.47
[2026-08-12 22:28:29 IST] [INFO] [SYSTEM] ORB EXIT [squareoff] @ Rs 297.6 | index 25047.55 | net P&L Rs 434,284.47
[2026-08-12 22:28:29 IST] [INFO] [SYSTEM] New session 2025-05-16 — strategy state reset
[2026-08-12 22:28:29 IST] [INFO] [SYSTEM] Margin Check | Available=22075756.52 | Required=392014.35 | PASS
[2026-08-12 22:28:29 IST] [INFO] [SYSTEM] Paper fill: NIFTY18AUG2624950PE @ Rs 223.37 x1755
[2026-08-12 22:28:29 IST] [INFO] [ORDER] [2025-05-16 11:08:00] BUY PE | Strike=24950 | Price=223.37 | Qty=1755 | Mode=paper
[2026-08-12 22:28:29 IST] [INFO] [SYSTEM] ORB ENTRY SHORT PE 24950 @ Rs 223.37 x1755 | index 24963.65 stop 25070.00 target 24750.95 risk 106.3pts
[2026-08-12 22:28:30 IST] [INFO] [ORDER] [2025-05-16 15:15:00] EXIT | Reason=squareoff | P&L=-51600.63
[2026-08-12 22:28:30 IST] [INFO] [SYSTEM] ORB EXIT [squareoff] @ Rs 194.36 | index 25021.45 | net P&L Rs -51,600.63
[2026-08-12 22:28:30 IST] [WARNING] [SYSTEM] Daily loss limit reached (Rs -51,601 <= -Rs 10,000); no further trades today
[2026-08-12 22:28:30 IST] [INFO] [SYSTEM] New session 2025-05-19 — strategy state reset
[2026-08-12 22:28:30 IST] [INFO] [SYSTEM] New session 2025-05-20 — strategy state reset
[2026-08-12 22:28:31 IST] [INFO] [SYSTEM] Margin Check | Available=22024155.89 | Required=207423.45 | PASS
[2026-08-12 22:28:31 IST] [INFO] [SYSTEM] Paper fill: NIFTY18AUG2624850PE @ Rs 118.19 x1755
[2026-08-12 22:28:31 IST] [INFO] [ORDER] [2025-05-20 11:53:00] BUY PE | Strike=24850 | Price=118.19 | Qty=1755 | Mode=paper
[2026-08-12 22:28:31 IST] [INFO] [SYSTEM] ORB ENTRY SHORT PE 24850 @ Rs 118.19 x1755 | index 24851.35 stop 25010.35 target 24533.35 risk 159.0pts
[2026-08-12 22:28:31 IST] [INFO] [ORDER] [2025-05-20 15:15:00] EXIT | Reason=squareoff | P&L=+166278.49
[2026-08-12 22:28:31 IST] [INFO] [SYSTEM] ORB EXIT [squareoff] @ Rs 213.28 | index 24684.65 | net P&L Rs 166,278.49
[2026-08-12 22:28:31 IST] [INFO] [SYSTEM] New session 2025-05-21 — strategy state reset
[2026-08-12 22:28:32 IST] [INFO] [SYSTEM] Margin Check | Available=22190434.38 | Required=166216.05 | PASS
[2026-08-12 22:28:32 IST] [INFO] [SYSTEM] Paper fill: NIFTY18AUG2624900CE @ Rs 94.71 x1755
[2026-08-12 22:28:32 IST] [INFO] [ORDER] [2025-05-21 10:17:00] BUY CE | Strike=24900 | Price=94.71 | Qty=1755 | Mode=paper
[2026-08-12 22:28:32 IST] [INFO] [SYSTEM] ORB ENTRY LONG CE 24900 @ Rs 94.71 x1755 | index 24891.90 stop 24692.65 target 25290.40 risk 199.2pts
[2026-08-12 22:28:32 IST] [INFO] [ORDER] [2025-05-21 12:16:00] EXIT | Reason=stoploss | P&L=-123615.93
[2026-08-12 22:28:32 IST] [INFO] [SYSTEM] ORB EXIT [stoploss] @ Rs 24.39 | index 24692.65 | net P&L Rs -123,615.93
[2026-08-12 22:28:32 IST] [WARNING] [SYSTEM] Daily loss limit reached (Rs -123,616 <= -Rs 10,000); no further trades today
[2026-08-12 22:28:32 IST] [INFO] [SYSTEM] New session 2025-05-22 — strategy state reset
[2026-08-12 22:28:33 IST] [INFO] [SYSTEM] Margin Check | Available=22066818.45 | Required=32941.35 | PASS
[2026-08-12 22:28:33 IST] [INFO] [SYSTEM] Paper fill: NIFTY18AUG2624500PE @ Rs 18.77 x1755
[2026-08-12 22:28:33 IST] [INFO] [ORDER] [2025-05-22 12:53:00] BUY PE | Strike=24500 | Price=18.77 | Qty=1755 | Mode=paper
[2026-08-12 22:28:33 IST] [INFO] [SYSTEM] ORB ENTRY SHORT PE 24500 @ Rs 18.77 x1755 | index 24520.85 stop 24737.50 target 24087.55 risk 216.7pts
[2026-08-12 22:28:33 IST] [INFO] [ORDER] [2025-05-22 15:15:00] EXIT | Reason=squareoff | P&L=-32922.49
[2026-08-12 22:28:33 IST] [INFO] [SYSTEM] ORB EXIT [squareoff] @ Rs 0.05 | index 24608.10 | net P&L Rs -32,922.49
[2026-08-12 22:28:33 IST] [WARNING] [SYSTEM] Daily loss limit reached (Rs -32,922 <= -Rs 10,000); no further trades today
[2026-08-12 22:28:33 IST] [INFO] [SYSTEM] New session 2025-05-23 — strategy state reset
[2026-08-12 22:28:34 IST] [INFO] [SYSTEM] Margin Check | Available=22033895.96 | Required=407335.50 | PASS
[2026-08-12 22:28:34 IST] [INFO] [SYSTEM] Paper fill: NIFTY18AUG2624850CE @ Rs 232.1 x1755
[2026-08-12 22:28:34 IST] [INFO] [ORDER] [2025-05-23 10:47:00] BUY CE | Strike=24850 | Price=232.10 | Qty=1755 | Mode=paper
[2026-08-12 22:28:34 IST] [INFO] [SYSTEM] ORB ENTRY LONG CE 24850 @ Rs 232.1 x1755 | index 24854.85 stop 24614.05 target 25336.45 risk 240.8pts
[2026-08-12 22:28:34 IST] [INFO] [ORDER] [2025-05-23 15:15:00] EXIT | Reason=squareoff | P&L=-7381.58
[2026-08-12 22:28:34 IST] [INFO] [SYSTEM] ORB EXIT [squareoff] @ Rs 228.33 | index 24854.70 | net P&L Rs -7,381.58
[2026-08-12 22:28:34 IST] [INFO] [SYSTEM] New session 2025-05-26 — strategy state reset
[2026-08-12 22:28:35 IST] [INFO] [SYSTEM] New session 2025-05-27 — strategy state reset
[2026-08-12 22:28:36 IST] [INFO] [SYSTEM] Margin Check | Available=22026514.38 | Required=250596.45 | PASS
[2026-08-12 22:28:36 IST] [INFO] [SYSTEM] Paper fill: NIFTY18AUG2625000CE @ Rs 142.79 x1755
[2026-08-12 22:28:36 IST] [INFO] [ORDER] [2025-05-27 11:29:00] BUY CE | Strike=25000 | Price=142.79 | Qty=1755 | Mode=paper
[2026-08-12 22:28:36 IST] [INFO] [SYSTEM] ORB ENTRY LONG CE 25000 @ Rs 142.79 x1755 | index 25013.65 stop 24737.70 target 25565.55 risk 276.0pts
[2026-08-12 22:28:36 IST] [INFO] [ORDER] [2025-05-27 14:17:00] EXIT | Reason=stoploss | P&L=-183754.72
[2026-08-12 22:28:36 IST] [INFO] [SYSTEM] ORB EXIT [stoploss] @ Rs 38.25 | index 24737.70 | net P&L Rs -183,754.72
[2026-08-12 22:28:36 IST] [WARNING] [SYSTEM] Daily loss limit reached (Rs -183,755 <= -Rs 10,000); no further trades today
[2026-08-12 22:28:36 IST] [INFO] [SYSTEM] New session 2025-05-28 — strategy state reset
[2026-08-12 22:28:37 IST] [INFO] [SYSTEM] New session 2025-05-29 — strategy state reset
[2026-08-12 22:28:37 IST] [INFO] [SYSTEM] Margin Check | Available=21842759.66 | Required=51421.50 | PASS
[2026-08-12 22:28:37 IST] [INFO] [SYSTEM] Paper fill: NIFTY18AUG2624750PE @ Rs 29.3 x1755
[2026-08-12 22:28:37 IST] [INFO] [ORDER] [2025-05-29 10:29:00] BUY PE | Strike=24750 | Price=29.30 | Qty=1755 | Mode=paper
[2026-08-12 22:28:37 IST] [INFO] [SYSTEM] ORB ENTRY SHORT PE 24750 @ Rs 29.3 x1755 | index 24769.10 stop 24889.70 target 24527.90 risk 120.6pts
[2026-08-12 22:28:38 IST] [INFO] [ORDER] [2025-05-29 15:15:00] EXIT | Reason=squareoff | P&L=-51414.76
[2026-08-12 22:28:38 IST] [INFO] [SYSTEM] ORB EXIT [squareoff] @ Rs 0.05 | index 24839.65 | net P&L Rs -51,414.76
[2026-08-12 22:28:38 IST] [WARNING] [SYSTEM] Daily loss limit reached (Rs -51,415 <= -Rs 10,000); no further trades today
[2026-08-12 22:28:38 IST] [INFO] [SYSTEM] New session 2025-05-30 — strategy state reset
[2026-08-12 22:28:38 IST] [INFO] [SYSTEM] Margin Check | Available=21791344.90 | Required=335011.95 | PASS
[2026-08-12 22:28:38 IST] [INFO] [SYSTEM] Paper fill: NIFTY18AUG2624750PE @ Rs 190.89 x1755
[2026-08-12 22:28:38 IST] [INFO] [ORDER] [2025-05-30 10:20:00] BUY PE | Strike=24750 | Price=190.89 | Qty=1755 | Mode=paper
[2026-08-12 22:28:38 IST] [INFO] [SYSTEM] ORB ENTRY SHORT PE 24750 @ Rs 190.89 x1755 | index 24759.50 stop 24863.95 target 24550.60 risk 104.5pts
[2026-08-12 22:28:39 IST] [INFO] [ORDER] [2025-05-30 15:15:00] EXIT | Reason=squareoff | P&L=-1888.51
[2026-08-12 22:28:39 IST] [INFO] [SYSTEM] ORB EXIT [squareoff] @ Rs 190.18 | index 24754.55 | net P&L Rs -1,888.51
[2026-08-12 22:28:39 IST] [INFO] [SYSTEM] New session 2025-06-02 — strategy state reset
[2026-08-12 22:28:40 IST] [INFO] [SYSTEM] Margin Check | Available=21789456.39 | Required=261916.20 | PASS
[2026-08-12 22:28:40 IST] [INFO] [SYSTEM] Paper fill: NIFTY18AUG2624750CE @ Rs 149.24 x1755
[2026-08-12 22:28:40 IST] [INFO] [ORDER] [2025-06-02 12:38:00] BUY CE | Strike=24750 | Price=149.24 | Qty=1755 | Mode=paper
[2026-08-12 22:28:40 IST] [INFO] [SYSTEM] ORB ENTRY LONG CE 24750 @ Rs 149.24 x1755 | index 24730.85 stop 24526.15 target 25140.25 risk 204.7pts
[2026-08-12 22:28:40 IST] [INFO] [ORDER] [2025-06-02 15:15:00] EXIT | Reason=squareoff | P&L=-17886.15
[2026-08-12 22:28:40 IST] [INFO] [SYSTEM] ORB EXIT [squareoff] @ Rs 139.33 | index 24716.55 | net P&L Rs -17,886.15
[2026-08-12 22:28:40 IST] [WARNING] [SYSTEM] Daily loss limit reached (Rs -17,886 <= -Rs 10,000); no further trades today
[2026-08-12 22:28:40 IST] [INFO] [SYSTEM] New session 2025-06-03 — strategy state reset
[2026-08-12 22:28:40 IST] [INFO] [SYSTEM] Margin Check | Available=21771570.24 | Required=227641.05 | PASS
[2026-08-12 22:28:40 IST] [INFO] [SYSTEM] Paper fill: NIFTY18AUG2624600PE @ Rs 129.71 x1755
[2026-08-12 22:28:40 IST] [INFO] [ORDER] [2025-06-03 11:23:00] BUY PE | Strike=24600 | Price=129.71 | Qty=1755 | Mode=paper
[2026-08-12 22:28:40 IST] [INFO] [SYSTEM] ORB ENTRY SHORT PE 24600 @ Rs 129.71 x1755 | index 24587.55 stop 24845.10 target 24072.45 risk 257.5pts
[2026-08-12 22:28:41 IST] [INFO] [ORDER] [2025-06-03 15:15:00] EXIT | Reason=squareoff | P&L=+36185.58
[2026-08-12 22:28:41 IST] [INFO] [SYSTEM] ORB EXIT [squareoff] @ Rs 150.61 | index 24539.90 | net P&L Rs 36,185.58
[2026-08-12 22:28:41 IST] [INFO] [SYSTEM] New session 2025-06-04 — strategy state reset
[2026-08-12 22:28:42 IST] [INFO] [SYSTEM] New session 2025-06-05 — strategy state reset
[2026-08-12 22:28:42 IST] [INFO] [SYSTEM] Margin Check | Available=21807755.82 | Required=66532.05 | PASS
[2026-08-12 22:28:42 IST] [INFO] [SYSTEM] Paper fill: NIFTY18AUG2624800CE @ Rs 37.91 x1755
[2026-08-12 22:28:42 IST] [INFO] [ORDER] [2025-06-05 12:05:00] BUY CE | Strike=24800 | Price=37.91 | Qty=1755 | Mode=paper
[2026-08-12 22:28:42 IST] [INFO] [SYSTEM] ORB ENTRY LONG CE 24800 @ Rs 37.91 x1755 | index 24807.60 stop 24613.10 target 25196.60 risk 194.5pts
[2026-08-12 22:28:43 IST] [INFO] [ORDER] [2025-06-05 15:15:00] EXIT | Reason=squareoff | P&L=-66517.69
[2026-08-12 22:28:43 IST] [INFO] [SYSTEM] ORB EXIT [squareoff] @ Rs 0.06 | index 24745.45 | net P&L Rs -66,517.69
[2026-08-12 22:28:43 IST] [WARNING] [SYSTEM] Daily loss limit reached (Rs -66,518 <= -Rs 10,000); no further trades today
[2026-08-12 22:28:43 IST] [INFO] [SYSTEM] New session 2025-06-06 — strategy state reset
[2026-08-12 22:28:43 IST] [INFO] [SYSTEM] Margin Check | Available=21741238.13 | Required=379080.00 | PASS
[2026-08-12 22:28:43 IST] [INFO] [SYSTEM] Paper fill: NIFTY18AUG2624850CE @ Rs 216.0 x1755
[2026-08-12 22:28:43 IST] [INFO] [ORDER] [2025-06-06 10:29:00] BUY CE | Strike=24850 | Price=216.00 | Qty=1755 | Mode=paper
[2026-08-12 22:28:43 IST] [INFO] [SYSTEM] ORB ENTRY LONG CE 24850 @ Rs 216.0 x1755 | index 24834.60 stop 24671.45 target 25160.90 risk 163.1pts
[2026-08-12 22:28:44 IST] [INFO] [ORDER] [2025-06-06 15:15:00] EXIT | Reason=squareoff | P&L=+163536.07
[2026-08-12 22:28:44 IST] [INFO] [SYSTEM] ORB EXIT [squareoff] @ Rs 309.7 | index 25003.65 | net P&L Rs 163,536.07
[2026-08-12 22:28:44 IST] [INFO] [SYSTEM] New session 2025-06-09 — strategy state reset
[2026-08-12 22:28:45 IST] [INFO] [SYSTEM] New session 2025-06-10 — strategy state reset
[2026-08-12 22:28:45 IST] [INFO] [SYSTEM] New session 2025-06-11 — strategy state reset
[2026-08-12 22:28:46 IST] [INFO] [SYSTEM] Margin Check | Available=21904774.20 | Required=160196.40 | PASS
[2026-08-12 22:28:46 IST] [INFO] [SYSTEM] Paper fill: NIFTY18AUG2625150CE @ Rs 91.28 x1755
[2026-08-12 22:28:46 IST] [INFO] [ORDER] [2025-06-11 10:44:00] BUY CE | Strike=25150 | Price=91.28 | Qty=1755 | Mode=paper
[2026-08-12 22:28:46 IST] [INFO] [SYSTEM] ORB ENTRY LONG CE 25150 @ Rs 91.28 x1755 | index 25173.75 stop 25081.30 target 25358.65 risk 92.5pts
[2026-08-12 22:28:46 IST] [INFO] [ORDER] [2025-06-11 15:15:00] EXIT | Reason=squareoff | P&L=-41423.43
[2026-08-12 22:28:46 IST] [INFO] [SYSTEM] ORB EXIT [squareoff] @ Rs 67.84 | index 25141.95 | net P&L Rs -41,423.43
[2026-08-12 22:28:46 IST] [WARNING] [SYSTEM] Daily loss limit reached (Rs -41,423 <= -Rs 10,000); no further trades today
[2026-08-12 22:28:46 IST] [INFO] [SYSTEM] New session 2025-06-12 — strategy state reset
[2026-08-12 22:28:47 IST] [INFO] [SYSTEM] Margin Check | Available=21863350.77 | Required=57950.10 | PASS
[2026-08-12 22:28:47 IST] [INFO] [SYSTEM] Paper fill: NIFTY18AUG2625050PE @ Rs 33.02 x1755
[2026-08-12 22:28:47 IST] [INFO] [ORDER] [2025-06-12 10:44:00] BUY PE | Strike=25050 | Price=33.02 | Qty=1755 | Mode=paper
[2026-08-12 22:28:47 IST] [INFO] [SYSTEM] ORB ENTRY SHORT PE 25050 @ Rs 33.02 x1755 | index 25044.65 stop 25196.20 target 24741.55 risk 151.5pts
[2026-08-12 22:28:48 IST] [INFO] [ORDER] [2025-06-12 15:15:00] EXIT | Reason=squareoff | P&L=+250234.10
[2026-08-12 22:28:48 IST] [INFO] [SYSTEM] ORB EXIT [squareoff] @ Rs 175.85 | index 24874.15 | net P&L Rs 250,234.10
[2026-08-12 22:28:48 IST] [INFO] [SYSTEM] New session 2025-06-13 — strategy state reset
[2026-08-12 22:28:48 IST] [INFO] [SYSTEM] Margin Check | Available=22113584.87 | Required=383923.80 | PASS
[2026-08-12 22:28:48 IST] [INFO] [SYSTEM] Paper fill: NIFTY18AUG2624650CE @ Rs 218.76 x1755
[2026-08-12 22:28:48 IST] [INFO] [ORDER] [2025-06-13 10:26:00] BUY CE | Strike=24650 | Price=218.76 | Qty=1755 | Mode=paper
[2026-08-12 22:28:48 IST] [INFO] [SYSTEM] ORB ENTRY LONG CE 24650 @ Rs 218.76 x1755 | index 24664.45 stop 24473.00 target 25047.35 risk 191.5pts
[2026-08-12 22:28:49 IST] [INFO] [ORDER] [2025-06-13 15:15:00] EXIT | Reason=squareoff | P&L=+38939.96
[2026-08-12 22:28:49 IST] [INFO] [SYSTEM] ORB EXIT [squareoff] @ Rs 241.39 | index 24711.70 | net P&L Rs 38,939.96
[2026-08-12 22:28:49 IST] [INFO] [SYSTEM] New session 2025-06-16 — strategy state reset
[2026-08-12 22:28:49 IST] [INFO] [SYSTEM] Margin Check | Available=22152524.83 | Required=251087.85 | PASS
[2026-08-12 22:28:49 IST] [INFO] [SYSTEM] Paper fill: NIFTY18AUG2624850CE @ Rs 143.07 x1755
[2026-08-12 22:28:49 IST] [INFO] [ORDER] [2025-06-16 10:29:00] BUY CE | Strike=24850 | Price=143.07 | Qty=1755 | Mode=paper
[2026-08-12 22:28:49 IST] [INFO] [SYSTEM] ORB ENTRY LONG CE 24850 @ Rs 143.07 x1755 | index 24825.95 stop 24703.60 target 25070.65 risk 122.4pts
[2026-08-12 22:28:50 IST] [INFO] [ORDER] [2025-06-16 15:15:00] EXIT | Reason=squareoff | P&L=+110892.80
[2026-08-12 22:28:50 IST] [INFO] [SYSTEM] ORB EXIT [squareoff] @ Rs 206.61 | index 24948.80 | net P&L Rs 110,892.80
[2026-08-12 22:28:50 IST] [INFO] [SYSTEM] New session 2025-06-17 — strategy state reset
[2026-08-12 22:28:50 IST] [INFO] [SYSTEM] Margin Check | Available=22263417.63 | Required=215636.85 | PASS
[2026-08-12 22:28:50 IST] [INFO] [SYSTEM] Paper fill: NIFTY18AUG2624850PE @ Rs 122.87 x1755
[2026-08-12 22:28:50 IST] [INFO] [ORDER] [2025-06-17 12:50:00] BUY PE | Strike=24850 | Price=122.87 | Qty=1755 | Mode=paper
[2026-08-12 22:28:50 IST] [INFO] [SYSTEM] ORB ENTRY SHORT PE 24850 @ Rs 122.87 x1755 | index 24838.65 stop 24982.05 target 24551.85 risk 143.4pts
[2026-08-12 22:28:50 IST] [INFO] [ORDER] [2025-06-17 15:15:00] EXIT | Reason=squareoff | P&L=-9599.58
[2026-08-12 22:28:50 IST] [INFO] [SYSTEM] ORB EXIT [squareoff] @ Rs 117.64 | index 24843.70 | net P&L Rs -9,599.58
[2026-08-12 22:28:50 IST] [INFO] [SYSTEM] New session 2025-06-18 — strategy state reset
[2026-08-12 22:28:51 IST] [INFO] [SYSTEM] New session 2025-06-19 — strategy state reset
[2026-08-12 22:28:52 IST] [INFO] [SYSTEM] New session 2025-06-20 — strategy state reset
[2026-08-12 22:28:52 IST] [INFO] [SYSTEM] Margin Check | Available=22253818.05 | Required=383643.00 | PASS
[2026-08-12 22:28:52 IST] [INFO] [SYSTEM] Paper fill: NIFTY18AUG2624950CE @ Rs 218.6 x1755
[2026-08-12 22:28:52 IST] [INFO] [ORDER] [2025-06-20 10:17:00] BUY CE | Strike=24950 | Price=218.60 | Qty=1755 | Mode=paper
[2026-08-12 22:28:52 IST] [INFO] [SYSTEM] ORB ENTRY LONG CE 24950 @ Rs 218.6 x1755 | index 24947.35 stop 24783.65 target 25274.75 risk 163.7pts
[2026-08-12 22:28:53 IST] [INFO] [ORDER] [2025-06-20 15:15:00] EXIT | Reason=squareoff | P&L=+166157.48
[2026-08-12 22:28:53 IST] [INFO] [SYSTEM] ORB EXIT [squareoff] @ Rs 313.8 | index 25115.95 | net P&L Rs 166,157.48
[2026-08-12 22:28:53 IST] [INFO] [SYSTEM] New session 2025-06-23 — strategy state reset
[2026-08-12 22:28:54 IST] [INFO] [SYSTEM] Margin Check | Available=22419975.53 | Required=254668.05 | PASS
[2026-08-12 22:28:54 IST] [INFO] [SYSTEM] Paper fill: NIFTY18AUG2625000CE @ Rs 145.11 x1755
[2026-08-12 22:28:54 IST] [INFO] [ORDER] [2025-06-23 13:20:00] BUY CE | Strike=25000 | Price=145.11 | Qty=1755 | Mode=paper
[2026-08-12 22:28:54 IST] [INFO] [SYSTEM] ORB ENTRY LONG CE 25000 @ Rs 145.11 x1755 | index 25003.05 stop 24824.85 target 25359.45 risk 178.2pts
[2026-08-12 22:28:54 IST] [INFO] [ORDER] [2025-06-23 15:15:00] EXIT | Reason=squareoff | P&L=-26007.28
[2026-08-12 22:28:54 IST] [INFO] [SYSTEM] ORB EXIT [squareoff] @ Rs 130.56 | index 24978.25 | net P&L Rs -26,007.28
[2026-08-12 22:28:54 IST] [WARNING] [SYSTEM] Daily loss limit reached (Rs -26,007 <= -Rs 10,000); no further trades today
[2026-08-12 22:28:54 IST] [INFO] [SYSTEM] New session 2025-06-24 — strategy state reset
[2026-08-12 22:28:54 IST] [INFO] [SYSTEM] Margin Check | Available=22393968.25 | Required=225464.85 | PASS
[2026-08-12 22:28:54 IST] [INFO] [SYSTEM] Paper fill: NIFTY18AUG2625250CE @ Rs 128.47 x1755
[2026-08-12 22:28:54 IST] [INFO] [ORDER] [2025-06-24 11:11:00] BUY CE | Strike=25250 | Price=128.47 | Qty=1755 | Mode=paper
[2026-08-12 22:28:54 IST] [INFO] [SYSTEM] ORB ENTRY LONG CE 25250 @ Rs 128.47 x1755 | index 25257.65 stop 25118.50 target 25535.95 risk 139.2pts
[2026-08-12 22:28:55 IST] [INFO] [ORDER] [2025-06-24 13:25:00] EXIT | Reason=stoploss | P&L=-110643.88
[2026-08-12 22:28:55 IST] [INFO] [SYSTEM] ORB EXIT [stoploss] @ Rs 65.61 | index 25118.50 | net P&L Rs -110,643.88
[2026-08-12 22:28:55 IST] [WARNING] [SYSTEM] Daily loss limit reached (Rs -110,644 <= -Rs 10,000); no further trades today
[2026-08-12 22:28:55 IST] [INFO] [SYSTEM] New session 2025-06-25 — strategy state reset
[2026-08-12 22:28:55 IST] [INFO] [SYSTEM] Margin Check | Available=22283324.37 | Required=172920.15 | PASS
[2026-08-12 22:28:55 IST] [INFO] [SYSTEM] Paper fill: NIFTY18AUG2625200CE @ Rs 98.53 x1755
[2026-08-12 22:28:55 IST] [INFO] [ORDER] [2025-06-25 10:38:00] BUY CE | Strike=25200 | Price=98.53 | Qty=1755 | Mode=paper
[2026-08-12 22:28:55 IST] [INFO] [SYSTEM] ORB ENTRY LONG CE 25200 @ Rs 98.53 x1755 | index 25214.60 stop 25125.05 target 25393.70 risk 89.5pts
[2026-08-12 22:28:56 IST] [INFO] [ORDER] [2025-06-25 15:15:00] EXIT | Reason=squareoff | P&L=+17245.19
[2026-08-12 22:28:56 IST] [INFO] [SYSTEM] ORB EXIT [squareoff] @ Rs 108.57 | index 25245.90 | net P&L Rs 17,245.19
[2026-08-12 22:28:56 IST] [INFO] [SYSTEM] New session 2025-06-26 — strategy state reset
[2026-08-12 22:28:57 IST] [INFO] [SYSTEM] New session 2025-06-27 — strategy state reset
[2026-08-12 22:28:57 IST] [INFO] [SYSTEM] Margin Check | Available=22300569.56 | Required=379044.90 | PASS
[2026-08-12 22:28:57 IST] [INFO] [SYSTEM] Paper fill: NIFTY18AUG2625650CE @ Rs 215.98 x1755
[2026-08-12 22:28:57 IST] [INFO] [ORDER] [2025-06-27 12:20:00] BUY CE | Strike=25650 | Price=215.98 | Qty=1755 | Mode=paper
[2026-08-12 22:28:57 IST] [INFO] [SYSTEM] ORB ENTRY LONG CE 25650 @ Rs 215.98 x1755 | index 25627.90 stop 25523.55 target 25836.60 risk 104.4pts
[2026-08-12 22:28:58 IST] [INFO] [ORDER] [2025-06-27 15:15:00] EXIT | Reason=squareoff | P&L=+7446.80
[2026-08-12 22:28:58 IST] [INFO] [SYSTEM] ORB EXIT [squareoff] @ Rs 220.64 | index 25641.65 | net P&L Rs 7,446.80
[2026-08-12 22:28:58 IST] [INFO] [SYSTEM] New session 2025-06-30 — strategy state reset
[2026-08-12 22:28:58 IST] [INFO] [SYSTEM] Margin Check | Available=22308016.36 | Required=255141.90 | PASS
[2026-08-12 22:28:58 IST] [INFO] [SYSTEM] Paper fill: NIFTY18AUG2625550PE @ Rs 145.38 x1755
[2026-08-12 22:28:58 IST] [INFO] [ORDER] [2025-06-30 12:56:00] BUY PE | Strike=25550 | Price=145.38 | Qty=1755 | Mode=paper
[2026-08-12 22:28:58 IST] [INFO] [SYSTEM] ORB ENTRY SHORT PE 25550 @ Rs 145.38 x1755 | index 25536.25 stop 25669.35 target 25270.05 risk 133.1pts
[2026-08-12 22:28:59 IST] [INFO] [ORDER] [2025-06-30 15:15:00] EXIT | Reason=squareoff | P&L=+5108.06
[2026-08-12 22:28:59 IST] [INFO] [SYSTEM] ORB EXIT [squareoff] @ Rs 148.58 | index 25525.80 | net P&L Rs 5,108.06
[2026-08-12 22:28:59 IST] [INFO] [SYSTEM] New session 2025-07-01 — strategy state reset
[2026-08-12 22:28:59 IST] [INFO] [SYSTEM] Margin Check | Available=22313124.42 | Required=197279.55 | PASS
[2026-08-12 22:28:59 IST] [INFO] [SYSTEM] Paper fill: NIFTY18AUG2625500PE @ Rs 112.41 x1755
[2026-08-12 22:28:59 IST] [INFO] [ORDER] [2025-07-01 11:56:00] BUY PE | Strike=25500 | Price=112.41 | Qty=1755 | Mode=paper
[2026-08-12 22:28:59 IST] [INFO] [SYSTEM] ORB ENTRY SHORT PE 25500 @ Rs 112.41 x1755 | index 25507.25 stop 25593.40 target 25334.95 risk 86.2pts
[2026-08-12 22:29:00 IST] [INFO] [ORDER] [2025-07-01 15:15:00] EXIT | Reason=squareoff | P&L=-33408.03
[2026-08-12 22:29:00 IST] [INFO] [SYSTEM] ORB EXIT [squareoff] @ Rs 93.58 | index 25540.80 | net P&L Rs -33,408.03
[2026-08-12 22:29:00 IST] [WARNING] [SYSTEM] Daily loss limit reached (Rs -33,408 <= -Rs 10,000); no further trades today
[2026-08-12 22:29:00 IST] [INFO] [SYSTEM] New session 2025-07-02 — strategy state reset
[2026-08-12 22:29:00 IST] [INFO] [SYSTEM] Margin Check | Available=22279716.39 | Required=146858.40 | PASS
[2026-08-12 22:29:00 IST] [INFO] [SYSTEM] Paper fill: NIFTY18AUG2625500PE @ Rs 83.68 x1755
[2026-08-12 22:29:00 IST] [INFO] [ORDER] [2025-07-02 10:38:00] BUY PE | Strike=25500 | Price=83.68 | Qty=1755 | Mode=paper
[2026-08-12 22:29:00 IST] [INFO] [SYSTEM] ORB ENTRY SHORT PE 25500 @ Rs 83.68 x1755 | index 25500.90 stop 25608.10 target 25286.50 risk 107.2pts
[2026-08-12 22:29:01 IST] [INFO] [ORDER] [2025-07-02 15:15:00] EXIT | Reason=squareoff | P&L=+28721.33
[2026-08-12 22:29:01 IST] [INFO] [SYSTEM] ORB EXIT [squareoff] @ Rs 100.24 | index 25456.90 | net P&L Rs 28,721.33
[2026-08-12 22:29:01 IST] [INFO] [SYSTEM] New session 2025-07-03 — strategy state reset
[2026-08-12 22:29:01 IST] [INFO] [SYSTEM] Margin Check | Available=22308437.72 | Required=82134.00 | PASS
[2026-08-12 22:29:01 IST] [INFO] [SYSTEM] Paper fill: NIFTY18AUG2625550CE @ Rs 46.8 x1755
[2026-08-12 22:29:01 IST] [INFO] [ORDER] [2025-07-03 11:26:00] BUY CE | Strike=25550 | Price=46.80 | Qty=1755 | Mode=paper
[2026-08-12 22:29:01 IST] [INFO] [SYSTEM] ORB ENTRY LONG CE 25550 @ Rs 46.8 x1755 | index 25573.65 stop 25429.75 target 25861.45 risk 143.9pts
[2026-08-12 22:29:02 IST] [INFO] [ORDER] [2025-07-03 14:31:00] EXIT | Reason=stoploss | P&L=-82147.39
[2026-08-12 22:29:02 IST] [INFO] [SYSTEM] ORB EXIT [stoploss] @ Rs 0.05 | index 25429.75 | net P&L Rs -82,147.39
[2026-08-12 22:29:02 IST] [WARNING] [SYSTEM] Daily loss limit reached (Rs -82,147 <= -Rs 10,000); no further trades today
[2026-08-12 22:29:02 IST] [INFO] [SYSTEM] New session 2025-07-04 — strategy state reset
[2026-08-12 22:29:02 IST] [INFO] [SYSTEM] Margin Check | Available=22226290.33 | Required=317707.65 | PASS
[2026-08-12 22:29:02 IST] [INFO] [SYSTEM] Paper fill: NIFTY18AUG2625350PE @ Rs 181.03 x1755
[2026-08-12 22:29:02 IST] [INFO] [ORDER] [2025-07-04 11:41:00] BUY PE | Strike=25350 | Price=181.03 | Qty=1755 | Mode=paper
[2026-08-12 22:29:02 IST] [INFO] [SYSTEM] ORB ENTRY SHORT PE 25350 @ Rs 181.03 x1755 | index 25359.20 stop 25458.65 target 25160.30 risk 99.5pts
[2026-08-12 22:29:03 IST] [INFO] [ORDER] [2025-07-04 14:45:00] EXIT | Reason=stoploss | P&L=-78219.46
[2026-08-12 22:29:03 IST] [INFO] [SYSTEM] ORB EXIT [stoploss] @ Rs 136.76 | index 25458.65 | net P&L Rs -78,219.46
[2026-08-12 22:29:03 IST] [WARNING] [SYSTEM] Daily loss limit reached (Rs -78,219 <= -Rs 10,000); no further trades today
[2026-08-12 22:29:03 IST] [INFO] [SYSTEM] New session 2025-07-07 — strategy state reset
[2026-08-12 22:29:04 IST] [INFO] [SYSTEM] New session 2025-07-08 — strategy state reset
[2026-08-12 22:29:04 IST] [INFO] [SYSTEM] New session 2025-07-09 — strategy state reset
[2026-08-12 22:29:06 IST] [INFO] [SYSTEM] New session 2025-07-10 — strategy state reset
[2026-08-12 22:29:06 IST] [INFO] [SYSTEM] Margin Check | Available=22148070.87 | Required=59494.50 | PASS
[2026-08-12 22:29:06 IST] [INFO] [SYSTEM] Paper fill: NIFTY18AUG2625400PE @ Rs 33.9 x1755
[2026-08-12 22:29:06 IST] [INFO] [ORDER] [2025-07-10 10:50:00] BUY PE | Strike=25400 | Price=33.90 | Qty=1755 | Mode=paper
[2026-08-12 22:29:06 IST] [INFO] [SYSTEM] ORB ENTRY SHORT PE 25400 @ Rs 33.9 x1755 | index 25396.40 stop 25524.05 target 25141.10 risk 127.6pts
[2026-08-12 22:29:07 IST] [INFO] [ORDER] [2025-07-10 15:15:00] EXIT | Reason=squareoff | P&L=+2528.97
[2026-08-12 22:29:07 IST] [INFO] [SYSTEM] ORB EXIT [squareoff] @ Rs 35.43 | index 25364.75 | net P&L Rs 2,528.97
[2026-08-12 22:29:07 IST] [INFO] [SYSTEM] New session 2025-07-11 — strategy state reset
[2026-08-12 22:29:07 IST] [INFO] [SYSTEM] Margin Check | Available=22150599.84 | Required=217602.45 | PASS
[2026-08-12 22:29:07 IST] [INFO] [SYSTEM] Paper fill: NIFTY18AUG2625250PE @ Rs 123.99 x1755
[2026-08-12 22:29:07 IST] [INFO] [ORDER] [2025-07-11 10:26:00] BUY PE | Strike=25250 | Price=123.99 | Qty=1755 | Mode=paper
[2026-08-12 22:29:07 IST] [INFO] [SYSTEM] ORB ENTRY SHORT PE 25250 @ Rs 123.99 x1755 | index 25239.75 stop 25322.45 target 25074.35 risk 82.7pts
[2026-08-12 22:29:08 IST] [INFO] [ORDER] [2025-07-11 15:15:00] EXIT | Reason=squareoff | P&L=+80590.04
[2026-08-12 22:29:08 IST] [INFO] [SYSTEM] ORB EXIT [squareoff] @ Rs 170.21 | index 25149.60 | net P&L Rs 80,590.04
[2026-08-12 22:29:08 IST] [INFO] [SYSTEM] New session 2025-07-14 — strategy state reset
[2026-08-12 22:29:08 IST] [INFO] [SYSTEM] Margin Check | Available=22231189.88 | Required=161582.85 | PASS
[2026-08-12 22:29:08 IST] [INFO] [SYSTEM] Paper fill: NIFTY18AUG2625050PE @ Rs 92.07 x1755
[2026-08-12 22:29:08 IST] [INFO] [ORDER] [2025-07-14 11:29:00] BUY PE | Strike=25050 | Price=92.07 | Qty=1755 | Mode=paper
[2026-08-12 22:29:08 IST] [INFO] [SYSTEM] ORB ENTRY SHORT PE 25050 @ Rs 92.07 x1755 | index 25036.35 stop 25151.10 target 24806.85 risk 114.8pts
[2026-08-12 22:29:09 IST] [INFO] [ORDER] [2025-07-14 15:15:00] EXIT | Reason=squareoff | P&L=-41268.12
[2026-08-12 22:29:09 IST] [INFO] [SYSTEM] ORB EXIT [squareoff] @ Rs 68.72 | index 25083.10 | net P&L Rs -41,268.12
[2026-08-12 22:29:09 IST] [WARNING] [SYSTEM] Daily loss limit reached (Rs -41,268 <= -Rs 10,000); no further trades today
[2026-08-12 22:29:09 IST] [INFO] [SYSTEM] New session 2025-07-15 — strategy state reset
[2026-08-12 22:29:09 IST] [INFO] [SYSTEM] Margin Check | Available=22189921.76 | Required=149929.65 | PASS
[2026-08-12 22:29:09 IST] [INFO] [SYSTEM] Paper fill: NIFTY18AUG2625150CE @ Rs 85.43 x1755
[2026-08-12 22:29:09 IST] [INFO] [ORDER] [2025-07-15 10:44:00] BUY CE | Strike=25150 | Price=85.43 | Qty=1755 | Mode=paper
[2026-08-12 22:29:09 IST] [INFO] [SYSTEM] ORB ENTRY LONG CE 25150 @ Rs 85.43 x1755 | index 25160.35 stop 25088.45 target 25304.15 risk 71.9pts
[2026-08-12 22:29:10 IST] [INFO] [ORDER] [2025-07-15 14:07:00] EXIT | Reason=breakeven_stop | P&L=-5152.58
[2026-08-12 22:29:10 IST] [INFO] [SYSTEM] ORB EXIT [breakeven_stop] @ Rs 82.67 | index 25160.35 | net P&L Rs -5,152.58
[2026-08-12 22:29:10 IST] [INFO] [SYSTEM] New session 2025-07-16 — strategy state reset
[2026-08-12 22:29:10 IST] [INFO] [SYSTEM] Margin Check | Available=22184769.18 | Required=75658.05 | PASS
[2026-08-12 22:29:10 IST] [INFO] [SYSTEM] Paper fill: NIFTY18AUG2625250CE @ Rs 43.11 x1755
[2026-08-12 22:29:10 IST] [INFO] [ORDER] [2025-07-16 12:47:00] BUY CE | Strike=25250 | Price=43.11 | Qty=1755 | Mode=paper
[2026-08-12 22:29:10 IST] [INFO] [SYSTEM] ORB ENTRY LONG CE 25250 @ Rs 43.11 x1755 | index 25227.05 stop 25127.75 target 25425.65 risk 99.3pts
[2026-08-12 22:29:11 IST] [INFO] [ORDER] [2025-07-16 15:15:00] EXIT | Reason=squareoff | P&L=-17291.46
[2026-08-12 22:29:11 IST] [INFO] [SYSTEM] ORB EXIT [squareoff] @ Rs 33.35 | index 25209.80 | net P&L Rs -17,291.46
[2026-08-12 22:29:11 IST] [WARNING] [SYSTEM] Daily loss limit reached (Rs -17,291 <= -Rs 10,000); no further trades today
[2026-08-12 22:29:11 IST] [INFO] [SYSTEM] New session 2025-07-17 — strategy state reset
[2026-08-12 22:29:11 IST] [INFO] [SYSTEM] Margin Check | Available=22167477.72 | Required=36697.05 | PASS
[2026-08-12 22:29:11 IST] [INFO] [SYSTEM] Paper fill: NIFTY18AUG2625150PE @ Rs 20.91 x1755
[2026-08-12 22:29:11 IST] [INFO] [ORDER] [2025-07-17 10:17:00] BUY PE | Strike=25150 | Price=20.91 | Qty=1755 | Mode=paper
[2026-08-12 22:29:11 IST] [INFO] [SYSTEM] ORB ENTRY SHORT PE 25150 @ Rs 20.91 x1755 | index 25152.75 stop 25238.35 target 24981.55 risk 85.6pts
[2026-08-12 22:29:12 IST] [INFO] [ORDER] [2025-07-17 15:15:00] EXIT | Reason=squareoff | P&L=+23798.69
[2026-08-12 22:29:12 IST] [INFO] [SYSTEM] ORB EXIT [squareoff] @ Rs 34.55 | index 25115.45 | net P&L Rs 23,798.69
[2026-08-12 22:29:12 IST] [INFO] [SYSTEM] New session 2025-07-18 — strategy state reset
[2026-08-12 22:29:12 IST] [INFO] [SYSTEM] Margin Check | Available=22191276.41 | Required=179255.70 | PASS
[2026-08-12 22:29:12 IST] [INFO] [SYSTEM] Paper fill: NIFTY18AUG2624950PE @ Rs 102.14 x1755
[2026-08-12 22:29:12 IST] [INFO] [ORDER] [2025-07-18 10:17:00] BUY PE | Strike=24950 | Price=102.14 | Qty=1755 | Mode=paper
[2026-08-12 22:29:12 IST] [INFO] [SYSTEM] ORB ENTRY SHORT PE 24950 @ Rs 102.14 x1755 | index 24965.65 stop 25144.60 target 24607.75 risk 178.9pts
[2026-08-12 22:29:13 IST] [INFO] [ORDER] [2025-07-18 15:15:00] EXIT | Reason=squareoff | P&L=-6098.86
[2026-08-12 22:29:13 IST] [INFO] [SYSTEM] ORB EXIT [squareoff] @ Rs 98.87 | index 24969.40 | net P&L Rs -6,098.86
[2026-08-12 22:29:13 IST] [INFO] [SYSTEM] New session 2025-07-21 — strategy state reset
[2026-08-12 22:29:14 IST] [INFO] [SYSTEM] New session 2025-07-22 — strategy state reset
[2026-08-12 22:29:14 IST] [INFO] [SYSTEM] Margin Check | Available=22185177.55 | Required=99262.80 | PASS
[2026-08-12 22:29:14 IST] [INFO] [SYSTEM] Paper fill: NIFTY18AUG2625050PE @ Rs 56.56 x1755
[2026-08-12 22:29:14 IST] [INFO] [ORDER] [2025-07-22 11:05:00] BUY PE | Strike=25050 | Price=56.56 | Qty=1755 | Mode=paper
[2026-08-12 22:29:14 IST] [INFO] [SYSTEM] ORB ENTRY SHORT PE 25050 @ Rs 56.56 x1755 | index 25073.35 stop 25182.00 target 24856.05 risk 108.7pts
[2026-08-12 22:29:15 IST] [INFO] [ORDER] [2025-07-22 15:15:00] EXIT | Reason=squareoff | P&L=+5946.66
[2026-08-12 22:29:15 IST] [INFO] [SYSTEM] ORB EXIT [squareoff] @ Rs 60.08 | index 25059.60 | net P&L Rs 5,946.66
[2026-08-12 22:29:15 IST] [INFO] [SYSTEM] New session 2025-07-23 — strategy state reset
[2026-08-12 22:29:16 IST] [INFO] [SYSTEM] Margin Check | Available=22191124.21 | Required=99350.55 | PASS
[2026-08-12 22:29:16 IST] [INFO] [SYSTEM] Paper fill: NIFTY18AUG2625150CE @ Rs 56.61 x1755
[2026-08-12 22:29:16 IST] [INFO] [ORDER] [2025-07-23 12:08:00] BUY CE | Strike=25150 | Price=56.61 | Qty=1755 | Mode=paper
[2026-08-12 22:29:16 IST] [INFO] [SYSTEM] ORB ENTRY LONG CE 25150 @ Rs 56.61 x1755 | index 25154.30 stop 25085.50 target 25291.90 risk 68.8pts
[2026-08-12 22:29:16 IST] [INFO] [ORDER] [2025-07-23 15:15:00] EXIT | Reason=squareoff | P&L=+76014.90
[2026-08-12 22:29:16 IST] [INFO] [SYSTEM] ORB EXIT [squareoff] @ Rs 100.1 | index 25227.10 | net P&L Rs 76,014.90
[2026-08-12 22:29:16 IST] [INFO] [SYSTEM] New session 2025-07-24 — strategy state reset
[2026-08-12 22:29:17 IST] [INFO] [SYSTEM] Margin Check | Available=22267139.11 | Required=35872.20 | PASS
[2026-08-12 22:29:17 IST] [INFO] [SYSTEM] Paper fill: NIFTY18AUG2625150PE @ Rs 20.44 x1755
[2026-08-12 22:29:17 IST] [INFO] [ORDER] [2025-07-24 11:14:00] BUY PE | Strike=25150 | Price=20.44 | Qty=1755 | Mode=paper
[2026-08-12 22:29:17 IST] [INFO] [SYSTEM] ORB ENTRY SHORT PE 25150 @ Rs 20.44 x1755 | index 25148.45 stop 25246.25 target 24952.85 risk 97.8pts
[2026-08-12 22:29:17 IST] [INFO] [ORDER] [2025-07-24 15:15:00] EXIT | Reason=squareoff | P&L=+107454.50
[2026-08-12 22:29:17 IST] [INFO] [SYSTEM] ORB EXIT [squareoff] @ Rs 81.8 | index 25068.20 | net P&L Rs 107,454.50
[2026-08-12 22:29:17 IST] [INFO] [SYSTEM] New session 2025-07-25 — strategy state reset
[2026-08-12 22:29:17 IST] [INFO] [SYSTEM] Margin Check | Available=22374593.61 | Required=143839.80 | PASS
[2026-08-12 22:29:17 IST] [INFO] [SYSTEM] Paper fill: NIFTY18AUG2624850PE @ Rs 81.96 x1755
[2026-08-12 22:29:17 IST] [INFO] [ORDER] [2025-07-25 10:17:00] BUY PE | Strike=24850 | Price=81.96 | Qty=1755 | Mode=paper
[2026-08-12 22:29:17 IST] [INFO] [SYSTEM] ORB ENTRY SHORT PE 24850 @ Rs 81.96 x1755 | index 24871.65 stop 25010.35 target 24594.25 risk 138.7pts
[2026-08-12 22:29:18 IST] [INFO] [ORDER] [2025-07-25 15:15:00] EXIT | Reason=squareoff | P&L=+21136.10
[2026-08-12 22:29:18 IST] [INFO] [SYSTEM] ORB EXIT [squareoff] @ Rs 94.19 | index 24841.30 | net P&L Rs 21,136.10
[2026-08-12 22:29:18 IST] [INFO] [SYSTEM] New session 2025-07-28 — strategy state reset
[2026-08-12 22:29:18 IST] [INFO] [SYSTEM] Margin Check | Available=22395729.71 | Required=173902.95 | PASS
[2026-08-12 22:29:18 IST] [INFO] [SYSTEM] Paper fill: NIFTY18AUG2624850CE @ Rs 99.09 x1755
[2026-08-12 22:29:18 IST] [INFO] [ORDER] [2025-07-28 10:17:00] BUY CE | Strike=24850 | Price=99.09 | Qty=1755 | Mode=paper
[2026-08-12 22:29:18 IST] [INFO] [SYSTEM] ORB ENTRY LONG CE 24850 @ Rs 99.09 x1755 | index 24873.00 stop 24732.70 target 25153.60 risk 140.3pts
[2026-08-12 22:29:19 IST] [INFO] [ORDER] [2025-07-28 12:51:00] EXIT | Reason=stoploss | P&L=-110043.69
[2026-08-12 22:29:19 IST] [INFO] [SYSTEM] ORB EXIT [stoploss] @ Rs 36.52 | index 24732.70 | net P&L Rs -110,043.69
[2026-08-12 22:29:19 IST] [WARNING] [SYSTEM] Daily loss limit reached (Rs -110,044 <= -Rs 10,000); no further trades today
[2026-08-12 22:29:19 IST] [INFO] [SYSTEM] New session 2025-07-29 — strategy state reset
[2026-08-12 22:29:20 IST] [INFO] [SYSTEM] Margin Check | Available=22285686.02 | Required=106721.55 | PASS
[2026-08-12 22:29:20 IST] [INFO] [SYSTEM] Paper fill: NIFTY18AUG2624750CE @ Rs 60.81 x1755
[2026-08-12 22:29:20 IST] [INFO] [ORDER] [2025-07-29 13:14:00] BUY CE | Strike=24750 | Price=60.81 | Qty=1755 | Mode=paper
[2026-08-12 22:29:20 IST] [INFO] [SYSTEM] ORB ENTRY LONG CE 24750 @ Rs 60.81 x1755 | index 24734.70 stop 24598.60 target 25006.90 risk 136.1pts
[2026-08-12 22:29:20 IST] [INFO] [ORDER] [2025-07-29 15:15:00] EXIT | Reason=squareoff | P&L=+90078.56
[2026-08-12 22:29:20 IST] [INFO] [SYSTEM] ORB EXIT [squareoff] @ Rs 112.33 | index 24823.65 | net P&L Rs 90,078.56
[2026-08-12 22:29:20 IST] [INFO] [SYSTEM] New session 2025-07-30 — strategy state reset
[2026-08-12 22:29:21 IST] [INFO] [SYSTEM] Margin Check | Available=22375764.58 | Required=80870.40 | PASS
[2026-08-12 22:29:21 IST] [INFO] [SYSTEM] Paper fill: NIFTY18AUG2624800PE @ Rs 46.08 x1755
[2026-08-12 22:29:21 IST] [INFO] [ORDER] [2025-07-30 10:38:00] BUY PE | Strike=24800 | Price=46.08 | Qty=1755 | Mode=paper
[2026-08-12 22:29:21 IST] [INFO] [SYSTEM] ORB ENTRY SHORT PE 24800 @ Rs 46.08 x1755 | index 24808.10 stop 24892.05 target 24640.20 risk 84.0pts
[2026-08-12 22:29:21 IST] [INFO] [ORDER] [2025-07-30 11:28:00] EXIT | Reason=stoploss | P&L=-50993.90
[2026-08-12 22:29:21 IST] [INFO] [SYSTEM] ORB EXIT [stoploss] @ Rs 17.1 | index 24892.05 | net P&L Rs -50,993.90
[2026-08-12 22:29:21 IST] [WARNING] [SYSTEM] Daily loss limit reached (Rs -50,994 <= -Rs 10,000); no further trades today
[2026-08-12 22:29:21 IST] [INFO] [SYSTEM] New session 2025-07-31 — strategy state reset
[2026-08-12 22:29:22 IST] [INFO] [SYSTEM] Margin Check | Available=22324770.68 | Required=40979.25 | PASS
[2026-08-12 22:29:22 IST] [INFO] [SYSTEM] Paper fill: NIFTY18AUG2624750CE @ Rs 23.35 x1755
[2026-08-12 22:29:22 IST] [INFO] [ORDER] [2025-07-31 11:02:00] BUY CE | Strike=24750 | Price=23.35 | Qty=1755 | Mode=paper
[2026-08-12 22:29:22 IST] [INFO] [SYSTEM] ORB ENTRY LONG CE 24750 @ Rs 23.35 x1755 | index 24754.20 stop 24635.00 target 24992.60 risk 119.2pts
[2026-08-12 22:29:22 IST] [INFO] [ORDER] [2025-07-31 15:10:00] EXIT | Reason=breakeven_stop | P&L=-26941.47
[2026-08-12 22:29:22 IST] [INFO] [SYSTEM] ORB EXIT [breakeven_stop] @ Rs 8.05 | index 24754.20 | net P&L Rs -26,941.47
[2026-08-12 22:29:22 IST] [WARNING] [SYSTEM] Daily loss limit reached (Rs -26,941 <= -Rs 10,000); no further trades today
[2026-08-12 22:29:22 IST] [INFO] [SYSTEM] New session 2025-08-01 — strategy state reset
[2026-08-12 22:29:22 IST] [INFO] [SYSTEM] Margin Check | Available=22297829.21 | Required=251965.35 | PASS
[2026-08-12 22:29:22 IST] [INFO] [SYSTEM] Paper fill: NIFTY18AUG2624750CE @ Rs 143.57 x1755
[2026-08-12 22:29:22 IST] [INFO] [ORDER] [2025-08-01 10:20:00] BUY CE | Strike=24750 | Price=143.57 | Qty=1755 | Mode=paper
[2026-08-12 22:29:22 IST] [INFO] [SYSTEM] ORB ENTRY LONG CE 24750 @ Rs 143.57 x1755 | index 24766.10 stop 24672.20 target 24953.90 risk 93.9pts
[2026-08-12 22:29:23 IST] [INFO] [ORDER] [2025-08-01 11:18:00] EXIT | Reason=stoploss | P&L=-83256.26
[2026-08-12 22:29:23 IST] [INFO] [SYSTEM] ORB EXIT [stoploss] @ Rs 96.36 | index 24672.20 | net P&L Rs -83,256.26
[2026-08-12 22:29:23 IST] [WARNING] [SYSTEM] Daily loss limit reached (Rs -83,256 <= -Rs 10,000); no further trades today
[2026-08-12 22:29:23 IST] [INFO] [SYSTEM] New session 2025-08-04 — strategy state reset
[2026-08-12 22:29:24 IST] [INFO] [SYSTEM] Margin Check | Available=22214572.95 | Required=147700.80 | PASS
[2026-08-12 22:29:24 IST] [INFO] [SYSTEM] Paper fill: NIFTY18AUG2624700CE @ Rs 84.16 x1755
[2026-08-12 22:29:24 IST] [INFO] [ORDER] [2025-08-04 11:32:00] BUY CE | Strike=24700 | Price=84.16 | Qty=1755 | Mode=paper
[2026-08-12 22:29:24 IST] [INFO] [SYSTEM] ORB ENTRY LONG CE 24700 @ Rs 84.16 x1755 | index 24681.40 stop 24554.00 target 24936.20 risk 127.4pts
[2026-08-12 22:29:24 IST] [INFO] [ORDER] [2025-08-04 15:15:00] EXIT | Reason=squareoff | P&L=+34557.41
[2026-08-12 22:29:24 IST] [INFO] [SYSTEM] ORB EXIT [squareoff] @ Rs 104.05 | index 24723.50 | net P&L Rs 34,557.41
[2026-08-12 22:29:24 IST] [INFO] [SYSTEM] New session 2025-08-05 — strategy state reset
[2026-08-12 22:29:25 IST] [INFO] [SYSTEM] New session 2025-08-06 — strategy state reset
[2026-08-12 22:29:26 IST] [INFO] [SYSTEM] Margin Check | Available=22249130.36 | Required=73534.50 | PASS
[2026-08-12 22:29:26 IST] [INFO] [SYSTEM] Paper fill: NIFTY18AUG2624550PE @ Rs 41.9 x1755
[2026-08-12 22:29:26 IST] [INFO] [ORDER] [2025-08-06 10:35:00] BUY PE | Strike=24550 | Price=41.90 | Qty=1755 | Mode=paper
[2026-08-12 22:29:26 IST] [INFO] [SYSTEM] ORB ENTRY SHORT PE 24550 @ Rs 41.9 x1755 | index 24570.40 stop 24671.40 target 24368.40 risk 101.0pts
[2026-08-12 22:29:26 IST] [INFO] [ORDER] [2025-08-06 15:15:00] EXIT | Reason=squareoff | P&L=-7593.46
[2026-08-12 22:29:26 IST] [INFO] [SYSTEM] ORB EXIT [squareoff] @ Rs 37.67 | index 24570.75 | net P&L Rs -7,593.46
[2026-08-12 22:29:26 IST] [INFO] [SYSTEM] New session 2025-08-07 — strategy state reset
[2026-08-12 22:29:27 IST] [INFO] [SYSTEM] Margin Check | Available=22241536.90 | Required=38750.40 | PASS
[2026-08-12 22:29:27 IST] [INFO] [SYSTEM] Paper fill: NIFTY18AUG2624450PE @ Rs 22.08 x1755
[2026-08-12 22:29:27 IST] [INFO] [ORDER] [2025-08-07 10:29:00] BUY PE | Strike=24450 | Price=22.08 | Qty=1755 | Mode=paper
[2026-08-12 22:29:27 IST] [INFO] [SYSTEM] ORB ENTRY SHORT PE 24450 @ Rs 22.08 x1755 | index 24450.15 stop 24542.90 target 24264.65 risk 92.8pts
[2026-08-12 22:29:27 IST] [INFO] [ORDER] [2025-08-07 14:17:00] EXIT | Reason=breakeven_stop | P&L=-19627.38
[2026-08-12 22:29:27 IST] [INFO] [SYSTEM] ORB EXIT [breakeven_stop] @ Rs 10.95 | index 24450.15 | net P&L Rs -19,627.38
[2026-08-12 22:29:27 IST] [WARNING] [SYSTEM] Daily loss limit reached (Rs -19,627 <= -Rs 10,000); no further trades today
[2026-08-12 22:29:27 IST] [INFO] [SYSTEM] New session 2025-08-08 — strategy state reset
[2026-08-12 22:29:28 IST] [INFO] [SYSTEM] Margin Check | Available=22221909.52 | Required=202983.30 | PASS
[2026-08-12 22:29:28 IST] [INFO] [SYSTEM] Paper fill: NIFTY18AUG2624450PE @ Rs 115.66 x1755
[2026-08-12 22:29:28 IST] [INFO] [ORDER] [2025-08-08 10:47:00] BUY PE | Strike=24450 | Price=115.66 | Qty=1755 | Mode=paper
[2026-08-12 22:29:28 IST] [INFO] [SYSTEM] ORB ENTRY SHORT PE 24450 @ Rs 115.66 x1755 | index 24430.05 stop 24585.50 target 24119.15 risk 155.5pts
[2026-08-12 22:29:29 IST] [INFO] [ORDER] [2025-08-08 15:15:00] EXIT | Reason=squareoff | P&L=+59965.45
[2026-08-12 22:29:29 IST] [INFO] [SYSTEM] ORB EXIT [squareoff] @ Rs 150.1 | index 24363.00 | net P&L Rs 59,965.45
[2026-08-12 22:29:29 IST] [INFO] [SYSTEM] New session 2025-08-11 — strategy state reset
[2026-08-12 22:29:29 IST] [INFO] [SYSTEM] Margin Check | Available=22281874.97 | Required=156089.70 | PASS
[2026-08-12 22:29:29 IST] [INFO] [SYSTEM] Paper fill: NIFTY18AUG2624450CE @ Rs 88.94 x1755
[2026-08-12 22:29:29 IST] [INFO] [ORDER] [2025-08-11 10:26:00] BUY CE | Strike=24450 | Price=88.94 | Qty=1755 | Mode=paper
[2026-08-12 22:29:29 IST] [INFO] [SYSTEM] ORB ENTRY LONG CE 24450 @ Rs 88.94 x1755 | index 24437.90 stop 24347.45 target 24618.80 risk 90.5pts
[2026-08-12 22:29:30 IST] [INFO] [ORDER] [2025-08-11 15:15:00] EXIT | Reason=squareoff | P&L=+153870.85
[2026-08-12 22:29:30 IST] [INFO] [SYSTEM] ORB EXIT [squareoff] @ Rs 176.9 | index 24582.00 | net P&L Rs 153,870.85
[2026-08-12 22:29:30 IST] [INFO] [SYSTEM] New session 2025-08-12 — strategy state reset
[2026-08-12 22:29:31 IST] [INFO] [SYSTEM] New session 2025-08-13 — strategy state reset
[2026-08-12 22:29:31 IST] [INFO] [SYSTEM] Margin Check | Available=22435745.82 | Required=120533.40 | PASS
[2026-08-12 22:29:31 IST] [INFO] [SYSTEM] Paper fill: NIFTY18AUG2624600CE @ Rs 68.68 x1755
[2026-08-12 22:29:31 IST] [INFO] [ORDER] [2025-08-13 12:41:00] BUY CE | Strike=24600 | Price=68.68 | Qty=1755 | Mode=paper
[2026-08-12 22:29:31 IST] [INFO] [SYSTEM] ORB ENTRY LONG CE 24600 @ Rs 68.68 x1755 | index 24619.05 stop 24535.25 target 24786.65 risk 83.8pts
[2026-08-12 22:29:32 IST] [INFO] [ORDER] [2025-08-13 15:15:00] EXIT | Reason=squareoff | P&L=-5257.99
[2026-08-12 22:29:32 IST] [INFO] [SYSTEM] ORB EXIT [squareoff] @ Rs 65.83 | index 24619.25 | net P&L Rs -5,257.99
[2026-08-12 22:29:32 IST] [INFO] [SYSTEM] New session 2025-08-14 — strategy state reset
[2026-08-12 22:29:33 IST] [INFO] [SYSTEM] New session 2025-08-18 — strategy state reset
[2026-08-12 22:29:33 IST] [INFO] [SYSTEM] Margin Check | Available=22430487.83 | Required=152965.80 | PASS
[2026-08-12 22:29:33 IST] [INFO] [SYSTEM] Paper fill: NIFTY18AUG2624850PE @ Rs 87.16 x1755
[2026-08-12 22:29:33 IST] [INFO] [ORDER] [2025-08-18 12:14:00] BUY PE | Strike=24850 | Price=87.16 | Qty=1755 | Mode=paper
[2026-08-12 22:29:33 IST] [INFO] [SYSTEM] ORB ENTRY SHORT PE 24850 @ Rs 87.16 x1755 | index 24872.75 stop 25022.00 target 24574.25 risk 149.2pts
[2026-08-12 22:29:34 IST] [INFO] [ORDER] [2025-08-18 15:15:00] EXIT | Reason=squareoff | P&L=-7138.91
[2026-08-12 22:29:34 IST] [INFO] [SYSTEM] ORB EXIT [squareoff] @ Rs 83.27 | index 24877.40 | net P&L Rs -7,138.91
[2026-08-12 22:29:34 IST] [INFO] [SYSTEM] New session 2025-08-19 — strategy state reset
[2026-08-12 22:29:34 IST] [INFO] [SYSTEM] Margin Check | Available=22423348.92 | Required=149069.70 | PASS
[2026-08-12 22:29:34 IST] [INFO] [SYSTEM] Paper fill: NIFTY18AUG2624950CE @ Rs 84.94 x1755
[2026-08-12 22:29:34 IST] [INFO] [ORDER] [2025-08-19 11:32:00] BUY CE | Strike=24950 | Price=84.94 | Qty=1755 | Mode=paper
[2026-08-12 22:29:34 IST] [INFO] [SYSTEM] ORB ENTRY LONG CE 24950 @ Rs 84.94 x1755 | index 24940.25 stop 24873.95 target 25072.85 risk 66.3pts
[2026-08-12 22:29:35 IST] [INFO] [ORDER] [2025-08-19 13:53:00] EXIT | Reason=breakeven_stop | P&L=-4099.23
[2026-08-12 22:29:35 IST] [INFO] [SYSTEM] ORB EXIT [breakeven_stop] @ Rs 82.78 | index 24940.25 | net P&L Rs -4,099.23
[2026-08-12 22:29:35 IST] [INFO] [SYSTEM] New session 2025-08-20 — strategy state reset
[2026-08-12 22:29:35 IST] [INFO] [SYSTEM] Margin Check | Available=22419249.69 | Required=112951.80 | PASS
[2026-08-12 22:29:35 IST] [INFO] [SYSTEM] Paper fill: NIFTY18AUG2625000CE @ Rs 64.36 x1755
[2026-08-12 22:29:35 IST] [INFO] [ORDER] [2025-08-20 10:17:00] BUY CE | Strike=25000 | Price=64.36 | Qty=1755 | Mode=paper
[2026-08-12 22:29:35 IST] [INFO] [SYSTEM] ORB ENTRY LONG CE 25000 @ Rs 64.36 x1755 | index 25000.50 stop 24929.70 target 25142.10 risk 70.8pts
[2026-08-12 22:29:36 IST] [INFO] [ORDER] [2025-08-20 15:15:00] EXIT | Reason=squareoff | P&L=+34549.17
[2026-08-12 22:29:36 IST] [INFO] [SYSTEM] ORB EXIT [squareoff] @ Rs 84.21 | index 25045.10 | net P&L Rs 34,549.17
[2026-08-12 22:29:36 IST] [INFO] [SYSTEM] New session 2025-08-21 — strategy state reset
[2026-08-12 22:29:37 IST] [INFO] [SYSTEM] New session 2025-08-22 — strategy state reset
[2026-08-12 22:29:37 IST] [INFO] [SYSTEM] Margin Check | Available=22453798.86 | Required=233450.10 | PASS
[2026-08-12 22:29:37 IST] [INFO] [SYSTEM] Paper fill: NIFTY18AUG2624950PE @ Rs 133.02 x1755
[2026-08-12 22:29:37 IST] [INFO] [ORDER] [2025-08-22 10:17:00] BUY PE | Strike=24950 | Price=133.02 | Qty=1755 | Mode=paper
[2026-08-12 22:29:37 IST] [INFO] [SYSTEM] ORB ENTRY SHORT PE 24950 @ Rs 133.02 x1755 | index 24937.75 stop 25084.85 target 24643.55 risk 147.1pts
[2026-08-12 22:29:38 IST] [INFO] [ORDER] [2025-08-22 15:15:00] EXIT | Reason=squareoff | P&L=+55125.44
[2026-08-12 22:29:38 IST] [INFO] [SYSTEM] ORB EXIT [squareoff] @ Rs 164.73 | index 24872.85 | net P&L Rs 55,125.44
[2026-08-12 22:29:38 IST] [INFO] [SYSTEM] New session 2025-08-25 — strategy state reset
[2026-08-12 22:29:38 IST] [INFO] [SYSTEM] Margin Check | Available=22508924.30 | Required=157458.60 | PASS
[2026-08-12 22:29:38 IST] [INFO] [SYSTEM] Paper fill: NIFTY18AUG2625000CE @ Rs 89.72 x1755
[2026-08-12 22:29:38 IST] [INFO] [ORDER] [2025-08-25 12:20:00] BUY CE | Strike=25000 | Price=89.72 | Qty=1755 | Mode=paper
[2026-08-12 22:29:38 IST] [INFO] [SYSTEM] ORB ENTRY LONG CE 25000 @ Rs 89.72 x1755 | index 24978.90 stop 24899.00 target 25138.70 risk 79.9pts
[2026-08-12 22:29:39 IST] [INFO] [ORDER] [2025-08-25 15:15:00] EXIT | Reason=squareoff | P&L=-21977.49
[2026-08-12 22:29:39 IST] [INFO] [SYSTEM] ORB EXIT [squareoff] @ Rs 77.37 | index 24957.05 | net P&L Rs -21,977.49
[2026-08-12 22:29:39 IST] [WARNING] [SYSTEM] Daily loss limit reached (Rs -21,977 <= -Rs 10,000); no further trades today
[2026-08-12 22:29:39 IST] [INFO] [SYSTEM] New session 2025-08-26 — strategy state reset
[2026-08-12 22:29:40 IST] [INFO] [SYSTEM] New session 2025-08-28 — strategy state reset
[2026-08-12 22:29:41 IST] [INFO] [SYSTEM] New session 2025-08-29 — strategy state reset
[2026-08-12 22:29:41 IST] [INFO] [SYSTEM] Margin Check | Available=22486946.81 | Required=268199.10 | PASS
[2026-08-12 22:29:41 IST] [INFO] [SYSTEM] Paper fill: NIFTY18AUG2624550CE @ Rs 152.82 x1755
[2026-08-12 22:29:41 IST] [INFO] [ORDER] [2025-08-29 11:50:00] BUY CE | Strike=24550 | Price=152.82 | Qty=1755 | Mode=paper
[2026-08-12 22:29:41 IST] [INFO] [SYSTEM] ORB ENTRY LONG CE 24550 @ Rs 152.82 x1755 | index 24571.00 stop 24464.15 target 24784.70 risk 106.8pts
[2026-08-12 22:29:41 IST] [INFO] [ORDER] [2025-08-29 14:38:00] EXIT | Reason=stoploss | P&L=-95836.83
[2026-08-12 22:29:41 IST] [INFO] [SYSTEM] ORB EXIT [stoploss] @ Rs 98.45 | index 24464.15 | net P&L Rs -95,836.83
[2026-08-12 22:29:41 IST] [WARNING] [SYSTEM] Daily loss limit reached (Rs -95,837 <= -Rs 10,000); no further trades today
[2026-08-12 22:29:41 IST] [INFO] [SYSTEM] New session 2025-09-01 — strategy state reset
[2026-08-12 22:29:42 IST] [INFO] [SYSTEM] Margin Check | Available=22391109.98 | Required=118813.50 | PASS
[2026-08-12 22:29:42 IST] [INFO] [SYSTEM] Paper fill: NIFTY18AUG2624550CE @ Rs 67.7 x1755
[2026-08-12 22:29:42 IST] [INFO] [ORDER] [2025-09-01 12:29:00] BUY CE | Strike=24550 | Price=67.70 | Qty=1755 | Mode=paper
[2026-08-12 22:29:42 IST] [INFO] [SYSTEM] ORB ENTRY LONG CE 24550 @ Rs 67.7 x1755 | index 24571.60 stop 24432.70 target 24849.40 risk 138.9pts
[2026-08-12 22:29:42 IST] [INFO] [ORDER] [2025-09-01 15:15:00] EXIT | Reason=squareoff | P&L=+54926.42
[2026-08-12 22:29:42 IST] [INFO] [SYSTEM] ORB EXIT [squareoff] @ Rs 99.18 | index 24623.95 | net P&L Rs 54,926.42
[2026-08-12 22:29:42 IST] [INFO] [SYSTEM] New session 2025-09-02 — strategy state reset
[2026-08-12 22:29:43 IST] [INFO] [SYSTEM] New session 2025-09-03 — strategy state reset
[2026-08-12 22:29:44 IST] [INFO] [SYSTEM] Margin Check | Available=22446036.40 | Required=242295.30 | PASS
[2026-08-12 22:29:44 IST] [INFO] [SYSTEM] Paper fill: NIFTY18AUG2624650CE @ Rs 138.06 x1755
[2026-08-12 22:29:44 IST] [INFO] [ORDER] [2025-09-03 12:23:00] BUY CE | Strike=24650 | Price=138.06 | Qty=1755 | Mode=paper
[2026-08-12 22:29:44 IST] [INFO] [SYSTEM] ORB ENTRY LONG CE 24650 @ Rs 138.06 x1755 | index 24641.25 stop 24533.20 target 24857.35 risk 108.0pts
[2026-08-12 22:29:44 IST] [INFO] [ORDER] [2025-09-03 15:15:00] EXIT | Reason=squareoff | P&L=+75900.54
[2026-08-12 22:29:44 IST] [INFO] [SYSTEM] ORB EXIT [squareoff] @ Rs 181.63 | index 24719.95 | net P&L Rs 75,900.54
[2026-08-12 22:29:44 IST] [INFO] [SYSTEM] New session 2025-09-04 — strategy state reset
[2026-08-12 22:29:44 IST] [INFO] [SYSTEM] Margin Check | Available=22521936.94 | Required=201544.20 | PASS
[2026-08-12 22:29:44 IST] [INFO] [SYSTEM] Paper fill: NIFTY18AUG2624800PE @ Rs 114.84 x1755
[2026-08-12 22:29:44 IST] [INFO] [ORDER] [2025-09-04 10:41:00] BUY PE | Strike=24800 | Price=114.84 | Qty=1755 | Mode=paper
[2026-08-12 22:29:44 IST] [INFO] [SYSTEM] ORB ENTRY SHORT PE 24800 @ Rs 114.84 x1755 | index 24807.60 stop 24980.75 target 24461.30 risk 173.2pts
[2026-08-12 22:29:45 IST] [INFO] [ORDER] [2025-09-04 15:15:00] EXIT | Reason=squareoff | P&L=+86561.40
[2026-08-12 22:29:45 IST] [INFO] [SYSTEM] ORB EXIT [squareoff] @ Rs 164.45 | index 24708.75 | net P&L Rs 86,561.40
[2026-08-12 22:29:45 IST] [INFO] [SYSTEM] New session 2025-09-05 — strategy state reset
[2026-08-12 22:29:45 IST] [INFO] [SYSTEM] Margin Check | Available=22608498.34 | Required=182221.65 | PASS
[2026-08-12 22:29:45 IST] [INFO] [SYSTEM] Paper fill: NIFTY18AUG2624650PE @ Rs 103.83 x1755
[2026-08-12 22:29:45 IST] [INFO] [ORDER] [2025-09-05 10:17:00] BUY PE | Strike=24650 | Price=103.83 | Qty=1755 | Mode=paper
[2026-08-12 22:29:45 IST] [INFO] [SYSTEM] ORB ENTRY SHORT PE 24650 @ Rs 103.83 x1755 | index 24656.20 stop 24832.35 target 24303.90 risk 176.1pts
[2026-08-12 22:29:46 IST] [INFO] [ORDER] [2025-09-05 15:15:00] EXIT | Reason=squareoff | P&L=-63498.16
[2026-08-12 22:29:46 IST] [INFO] [SYSTEM] ORB EXIT [squareoff] @ Rs 67.82 | index 24738.60 | net P&L Rs -63,498.16
[2026-08-12 22:29:46 IST] [WARNING] [SYSTEM] Daily loss limit reached (Rs -63,498 <= -Rs 10,000); no further trades today
[2026-08-12 22:29:46 IST] [INFO] [SYSTEM] New session 2025-09-08 — strategy state reset
[2026-08-12 22:29:47 IST] [INFO] [SYSTEM] Margin Check | Available=22545000.18 | Required=121446.00 | PASS
[2026-08-12 22:29:47 IST] [INFO] [SYSTEM] Paper fill: NIFTY18AUG2624850CE @ Rs 69.2 x1755
[2026-08-12 22:29:47 IST] [INFO] [ORDER] [2025-09-08 12:41:00] BUY CE | Strike=24850 | Price=69.20 | Qty=1755 | Mode=paper
[2026-08-12 22:29:47 IST] [INFO] [SYSTEM] ORB ENTRY LONG CE 24850 @ Rs 69.2 x1755 | index 24865.55 stop 24758.50 target 25079.65 risk 107.0pts
[2026-08-12 22:29:47 IST] [INFO] [ORDER] [2025-09-08 15:11:00] EXIT | Reason=stoploss | P&L=-82147.29
[2026-08-12 22:29:47 IST] [INFO] [SYSTEM] ORB EXIT [stoploss] @ Rs 22.49 | index 24758.50 | net P&L Rs -82,147.29
[2026-08-12 22:29:47 IST] [WARNING] [SYSTEM] Daily loss limit reached (Rs -82,147 <= -Rs 10,000); no further trades today
[2026-08-12 22:29:47 IST] [INFO] [SYSTEM] New session 2025-09-09 — strategy state reset
[2026-08-12 22:29:48 IST] [INFO] [SYSTEM] New session 2025-09-10 — strategy state reset
[2026-08-12 22:29:49 IST] [INFO] [SYSTEM] New session 2025-09-11 — strategy state reset
[2026-08-12 22:29:49 IST] [INFO] [SYSTEM] Margin Check | Available=22462852.89 | Required=233678.25 | PASS
[2026-08-12 22:29:49 IST] [INFO] [SYSTEM] Paper fill: NIFTY18AUG2625000CE @ Rs 133.15 x1755
[2026-08-12 22:29:49 IST] [INFO] [ORDER] [2025-09-11 13:05:00] BUY CE | Strike=25000 | Price=133.15 | Qty=1755 | Mode=paper
[2026-08-12 22:29:49 IST] [INFO] [SYSTEM] ORB ENTRY LONG CE 25000 @ Rs 133.15 x1755 | index 25013.25 stop 24940.15 target 25159.45 risk 73.1pts
[2026-08-12 22:29:50 IST] [INFO] [ORDER] [2025-09-11 15:15:00] EXIT | Reason=squareoff | P&L=-3916.86
[2026-08-12 22:29:50 IST] [INFO] [SYSTEM] ORB EXIT [squareoff] @ Rs 131.18 | index 25011.90 | net P&L Rs -3,916.86
[2026-08-12 22:29:50 IST] [INFO] [SYSTEM] New session 2025-09-12 — strategy state reset
[2026-08-12 22:29:51 IST] [INFO] [SYSTEM] New session 2025-09-15 — strategy state reset
[2026-08-12 22:29:51 IST] [INFO] [SYSTEM] Margin Check | Available=22458936.03 | Required=80221.05 | PASS
[2026-08-12 22:29:51 IST] [INFO] [SYSTEM] Paper fill: NIFTY18AUG2625050PE @ Rs 45.71 x1755
[2026-08-12 22:29:51 IST] [INFO] [ORDER] [2025-09-15 10:47:00] BUY PE | Strike=25050 | Price=45.71 | Qty=1755 | Mode=paper
[2026-08-12 22:29:51 IST] [INFO] [SYSTEM] ORB ENTRY SHORT PE 25050 @ Rs 45.71 x1755 | index 25066.50 stop 25138.45 target 24922.60 risk 72.0pts
[2026-08-12 22:29:51 IST] [INFO] [ORDER] [2025-09-15 15:15:00] EXIT | Reason=squareoff | P&L=-6448.38
[2026-08-12 22:29:51 IST] [INFO] [SYSTEM] ORB EXIT [squareoff] @ Rs 42.14 | index 25065.25 | net P&L Rs -6,448.38
[2026-08-12 22:29:51 IST] [INFO] [SYSTEM] New session 2025-09-16 — strategy state reset
[2026-08-12 22:29:52 IST] [INFO] [SYSTEM] Margin Check | Available=22452487.65 | Required=22920.30 | PASS
[2026-08-12 22:29:52 IST] [INFO] [SYSTEM] Paper fill: NIFTY18AUG2625200CE @ Rs 13.06 x1755
[2026-08-12 22:29:52 IST] [INFO] [ORDER] [2025-09-16 12:23:00] BUY CE | Strike=25200 | Price=13.06 | Qty=1755 | Mode=paper
[2026-08-12 22:29:52 IST] [INFO] [SYSTEM] ORB ENTRY LONG CE 25200 @ Rs 13.06 x1755 | index 25191.70 stop 25070.45 target 25434.20 risk 121.2pts
[2026-08-12 22:29:52 IST] [INFO] [ORDER] [2025-09-16 15:15:00] EXIT | Reason=squareoff | P&L=+48365.59
[2026-08-12 22:29:52 IST] [INFO] [SYSTEM] ORB EXIT [squareoff] @ Rs 40.7 | index 25240.65 | net P&L Rs 48,365.59
[2026-08-12 22:29:52 IST] [INFO] [SYSTEM] New session 2025-09-17 — strategy state reset
[2026-08-12 22:29:53 IST] [INFO] [SYSTEM] New session 2025-09-18 — strategy state reset
[2026-08-12 22:29:54 IST] [INFO] [SYSTEM] New session 2025-09-19 — strategy state reset
[2026-08-12 22:29:55 IST] [INFO] [SYSTEM] New session 2025-09-22 — strategy state reset
[2026-08-12 22:29:56 IST] [INFO] [SYSTEM] New session 2025-09-23 — strategy state reset
[2026-08-12 22:29:56 IST] [INFO] [SYSTEM] Margin Check | Available=22500853.24 | Required=36626.85 | PASS
[2026-08-12 22:29:56 IST] [INFO] [SYSTEM] Paper fill: NIFTY18AUG2625100PE @ Rs 20.87 x1755
[2026-08-12 22:29:56 IST] [INFO] [ORDER] [2025-09-23 11:14:00] BUY PE | Strike=25100 | Price=20.87 | Qty=1755 | Mode=paper
[2026-08-12 22:29:56 IST] [INFO] [SYSTEM] ORB ENTRY SHORT PE 25100 @ Rs 20.87 x1755 | index 25098.90 stop 25250.85 target 24795.00 risk 151.9pts
[2026-08-12 22:29:57 IST] [INFO] [ORDER] [2025-09-23 14:06:00] EXIT | Reason=stoploss | P&L=-36610.40
[2026-08-12 22:29:57 IST] [INFO] [SYSTEM] ORB EXIT [stoploss] @ Rs 0.05 | index 25250.85 | net P&L Rs -36,610.40
[2026-08-12 22:29:57 IST] [WARNING] [SYSTEM] Daily loss limit reached (Rs -36,610 <= -Rs 10,000); no further trades today
[2026-08-12 22:29:57 IST] [INFO] [SYSTEM] New session 2025-09-24 — strategy state reset
[2026-08-12 22:29:57 IST] [INFO] [SYSTEM] Margin Check | Available=22464242.84 | Required=210284.10 | PASS
[2026-08-12 22:29:57 IST] [INFO] [SYSTEM] Paper fill: NIFTY18AUG2625050PE @ Rs 119.82 x1755
[2026-08-12 22:29:57 IST] [INFO] [ORDER] [2025-09-24 11:08:00] BUY PE | Strike=25050 | Price=119.82 | Qty=1755 | Mode=paper
[2026-08-12 22:29:57 IST] [INFO] [SYSTEM] ORB ENTRY SHORT PE 25050 @ Rs 119.82 x1755 | index 25033.50 stop 25149.85 target 24800.80 risk 116.3pts
[2026-08-12 22:29:58 IST] [INFO] [ORDER] [2025-09-24 15:15:00] EXIT | Reason=squareoff | P&L=-24771.23
[2026-08-12 22:29:58 IST] [INFO] [SYSTEM] ORB EXIT [squareoff] @ Rs 105.93 | index 25060.30 | net P&L Rs -24,771.23
[2026-08-12 22:29:58 IST] [WARNING] [SYSTEM] Daily loss limit reached (Rs -24,771 <= -Rs 10,000); no further trades today
[2026-08-12 22:29:58 IST] [INFO] [SYSTEM] New session 2025-09-25 — strategy state reset
[2026-08-12 22:29:58 IST] [INFO] [SYSTEM] Margin Check | Available=22439471.61 | Required=161653.05 | PASS
[2026-08-12 22:29:58 IST] [INFO] [SYSTEM] Paper fill: NIFTY18AUG2625000PE @ Rs 92.11 x1755
[2026-08-12 22:29:58 IST] [INFO] [ORDER] [2025-09-25 11:44:00] BUY PE | Strike=25000 | Price=92.11 | Qty=1755 | Mode=paper
[2026-08-12 22:29:58 IST] [INFO] [SYSTEM] ORB ENTRY SHORT PE 25000 @ Rs 92.11 x1755 | index 24989.75 stop 25092.70 target 24783.85 risk 103.0pts
[2026-08-12 22:29:59 IST] [INFO] [ORDER] [2025-09-25 15:15:00] EXIT | Reason=squareoff | P&L=+94713.90
[2026-08-12 22:29:59 IST] [INFO] [SYSTEM] ORB EXIT [squareoff] @ Rs 146.33 | index 24890.80 | net P&L Rs 94,713.90
[2026-08-12 22:29:59 IST] [INFO] [SYSTEM] New session 2025-09-26 — strategy state reset
[2026-08-12 22:29:59 IST] [INFO] [SYSTEM] Margin Check | Available=22534185.51 | Required=147490.20 | PASS
[2026-08-12 22:29:59 IST] [INFO] [SYSTEM] Paper fill: NIFTY18AUG2624750PE @ Rs 84.04 x1755
[2026-08-12 22:29:59 IST] [INFO] [ORDER] [2025-09-26 11:32:00] BUY PE | Strike=24750 | Price=84.04 | Qty=1755 | Mode=paper
[2026-08-12 22:29:59 IST] [INFO] [SYSTEM] ORB ENTRY SHORT PE 24750 @ Rs 84.04 x1755 | index 24751.40 stop 24868.60 target 24517.00 risk 117.2pts
[2026-08-12 22:30:00 IST] [INFO] [ORDER] [2025-09-26 15:15:00] EXIT | Reason=squareoff | P&L=+100734.47
[2026-08-12 22:30:00 IST] [INFO] [SYSTEM] ORB EXIT [squareoff] @ Rs 141.68 | index 24645.25 | net P&L Rs 100,734.47
[2026-08-12 22:30:00 IST] [INFO] [SYSTEM] New session 2025-09-29 — strategy state reset
[2026-08-12 22:30:00 IST] [INFO] [SYSTEM] Margin Check | Available=22634919.98 | Required=84029.40 | PASS
[2026-08-12 22:30:00 IST] [INFO] [SYSTEM] Paper fill: NIFTY18AUG2624800CE @ Rs 47.88 x1755
[2026-08-12 22:30:00 IST] [INFO] [ORDER] [2025-09-29 10:20:00] BUY CE | Strike=24800 | Price=47.88 | Qty=1755 | Mode=paper
[2026-08-12 22:30:00 IST] [INFO] [SYSTEM] ORB ENTRY LONG CE 24800 @ Rs 47.88 x1755 | index 24786.35 stop 24668.15 target 25022.75 risk 118.2pts
[2026-08-12 22:30:00 IST] [INFO] [ORDER] [2025-09-29 11:38:00] EXIT | Reason=stoploss | P&L=-65549.62
[2026-08-12 22:30:00 IST] [INFO] [SYSTEM] ORB EXIT [stoploss] @ Rs 10.6 | index 24668.15 | net P&L Rs -65,549.62
[2026-08-12 22:30:00 IST] [WARNING] [SYSTEM] Daily loss limit reached (Rs -65,550 <= -Rs 10,000); no further trades today
[2026-08-12 22:30:01 IST] [INFO] [SYSTEM] New session 2025-09-30 — strategy state reset
[2026-08-12 22:30:01 IST] [INFO] [SYSTEM] Margin Check | Available=22569370.36 | Required=18181.80 | PASS
[2026-08-12 22:30:01 IST] [INFO] [SYSTEM] Paper fill: NIFTY18AUG2624600PE @ Rs 10.36 x1755
[2026-08-12 22:30:01 IST] [INFO] [ORDER] [2025-09-30 10:29:00] BUY PE | Strike=24600 | Price=10.36 | Qty=1755 | Mode=paper
[2026-08-12 22:30:01 IST] [INFO] [SYSTEM] ORB ENTRY SHORT PE 24600 @ Rs 10.36 x1755 | index 24624.00 stop 24731.80 target 24408.40 risk 107.8pts
[2026-08-12 22:30:02 IST] [INFO] [ORDER] [2025-09-30 15:15:00] EXIT | Reason=squareoff | P&L=-13700.59
[2026-08-12 22:30:02 IST] [INFO] [SYSTEM] ORB EXIT [squareoff] @ Rs 2.59 | index 24604.65 | net P&L Rs -13,700.59
[2026-08-12 22:30:02 IST] [WARNING] [SYSTEM] Daily loss limit reached (Rs -13,701 <= -Rs 10,000); no further trades today
[2026-08-12 22:30:02 IST] [INFO] [SYSTEM] New session 2025-10-01 — strategy state reset
[2026-08-12 22:30:02 IST] [INFO] [SYSTEM] Margin Check | Available=22555669.77 | Required=222481.35 | PASS
[2026-08-12 22:30:02 IST] [INFO] [SYSTEM] Paper fill: NIFTY18AUG2624700CE @ Rs 126.77 x1755
[2026-08-12 22:30:02 IST] [INFO] [ORDER] [2025-10-01 11:14:00] BUY CE | Strike=24700 | Price=126.77 | Qty=1755 | Mode=paper
[2026-08-12 22:30:02 IST] [INFO] [SYSTEM] ORB ENTRY LONG CE 24700 @ Rs 126.77 x1755 | index 24702.20 stop 24605.95 target 24894.70 risk 96.2pts
[2026-08-12 22:30:03 IST] [INFO] [ORDER] [2025-10-01 15:15:00] EXIT | Reason=squareoff | P&L=+145671.16
[2026-08-12 22:30:03 IST] [INFO] [SYSTEM] ORB EXIT [squareoff] @ Rs 210.12 | index 24836.20 | net P&L Rs 145,671.16
[2026-08-12 22:30:03 IST] [INFO] [SYSTEM] New session 2025-10-03 — strategy state reset
[2026-08-12 22:30:04 IST] [INFO] [SYSTEM] New session 2025-10-06 — strategy state reset
[2026-08-12 22:30:04 IST] [INFO] [SYSTEM] Margin Check | Available=22701340.93 | Required=69375.15 | PASS
[2026-08-12 22:30:04 IST] [INFO] [SYSTEM] Paper fill: NIFTY18AUG2625000CE @ Rs 39.53 x1755
[2026-08-12 22:30:04 IST] [INFO] [ORDER] [2025-10-06 10:32:00] BUY CE | Strike=25000 | Price=39.53 | Qty=1755 | Mode=paper
[2026-08-12 22:30:04 IST] [INFO] [SYSTEM] ORB ENTRY LONG CE 25000 @ Rs 39.53 x1755 | index 24981.25 stop 24881.65 target 25180.45 risk 99.6pts
[2026-08-12 22:30:05 IST] [INFO] [ORDER] [2025-10-06 15:15:00] EXIT | Reason=squareoff | P&L=+97209.77
[2026-08-12 22:30:05 IST] [INFO] [SYSTEM] ORB EXIT [squareoff] @ Rs 95.08 | index 25077.35 | net P&L Rs 97,209.77
[2026-08-12 22:30:05 IST] [INFO] [SYSTEM] New session 2025-10-07 — strategy state reset
[2026-08-12 22:30:06 IST] [INFO] [SYSTEM] New session 2025-10-08 — strategy state reset
[2026-08-12 22:30:06 IST] [INFO] [SYSTEM] Margin Check | Available=22798550.70 | Required=162495.45 | PASS
[2026-08-12 22:30:06 IST] [INFO] [SYSTEM] Paper fill: NIFTY18AUG2625050PE @ Rs 92.59 x1755
[2026-08-12 22:30:06 IST] [INFO] [ORDER] [2025-10-08 11:05:00] BUY PE | Strike=25050 | Price=92.59 | Qty=1755 | Mode=paper
[2026-08-12 22:30:06 IST] [INFO] [SYSTEM] ORB ENTRY SHORT PE 25050 @ Rs 92.59 x1755 | index 25064.55 stop 25192.50 target 24808.65 risk 128.0pts
[2026-08-12 22:30:07 IST] [INFO] [ORDER] [2025-10-08 15:15:00] EXIT | Reason=squareoff | P&L=+17894.86
[2026-08-12 22:30:07 IST] [INFO] [SYSTEM] ORB EXIT [squareoff] @ Rs 102.99 | index 25039.10 | net P&L Rs 17,894.86
[2026-08-12 22:30:07 IST] [INFO] [SYSTEM] New session 2025-10-09 — strategy state reset
[2026-08-12 22:30:07 IST] [INFO] [SYSTEM] Margin Check | Available=22816445.56 | Required=197507.70 | PASS
[2026-08-12 22:30:07 IST] [INFO] [SYSTEM] Paper fill: NIFTY18AUG2625150CE @ Rs 112.54 x1755
[2026-08-12 22:30:07 IST] [INFO] [ORDER] [2025-10-09 11:08:00] BUY CE | Strike=25150 | Price=112.54 | Qty=1755 | Mode=paper
[2026-08-12 22:30:07 IST] [INFO] [SYSTEM] ORB ENTRY LONG CE 25150 @ Rs 112.54 x1755 | index 25147.65 stop 25024.30 target 25394.35 risk 123.4pts
[2026-08-12 22:30:07 IST] [INFO] [ORDER] [2025-10-09 15:15:00] EXIT | Reason=squareoff | P&L=+28859.01
[2026-08-12 22:30:07 IST] [INFO] [SYSTEM] ORB EXIT [squareoff] @ Rs 129.23 | index 25181.20 | net P&L Rs 28,859.01
[2026-08-12 22:30:08 IST] [INFO] [SYSTEM] New session 2025-10-10 — strategy state reset
[2026-08-12 22:30:08 IST] [INFO] [SYSTEM] Margin Check | Available=22845304.57 | Required=176710.95 | PASS
[2026-08-12 22:30:08 IST] [INFO] [SYSTEM] Paper fill: NIFTY18AUG2625300CE @ Rs 100.69 x1755
[2026-08-12 22:30:08 IST] [INFO] [ORDER] [2025-10-10 10:20:00] BUY CE | Strike=25300 | Price=100.69 | Qty=1755 | Mode=paper
[2026-08-12 22:30:08 IST] [INFO] [SYSTEM] ORB ENTRY LONG CE 25300 @ Rs 100.69 x1755 | index 25294.85 stop 25156.85 target 25570.85 risk 138.0pts
[2026-08-12 22:30:09 IST] [INFO] [ORDER] [2025-10-10 15:15:00] EXIT | Reason=squareoff | P&L=-8899.15
[2026-08-12 22:30:09 IST] [INFO] [SYSTEM] ORB EXIT [squareoff] @ Rs 95.82 | index 25290.85 | net P&L Rs -8,899.15
[2026-08-12 22:30:09 IST] [INFO] [SYSTEM] New session 2025-10-13 — strategy state reset
[2026-08-12 22:30:09 IST] [INFO] [SYSTEM] New session 2025-10-14 — strategy state reset
[2026-08-12 22:30:10 IST] [INFO] [SYSTEM] Margin Check | Available=22836405.42 | Required=23271.30 | PASS
[2026-08-12 22:30:10 IST] [INFO] [SYSTEM] Paper fill: NIFTY18AUG2625150PE @ Rs 13.26 x1755
[2026-08-12 22:30:10 IST] [INFO] [ORDER] [2025-10-14 11:11:00] BUY PE | Strike=25150 | Price=13.26 | Qty=1755 | Mode=paper
[2026-08-12 22:30:10 IST] [INFO] [SYSTEM] ORB ENTRY SHORT PE 25150 @ Rs 13.26 x1755 | index 25162.15 stop 25310.35 target 24865.75 risk 148.2pts
[2026-08-12 22:30:10 IST] [INFO] [ORDER] [2025-10-14 15:15:00] EXIT | Reason=squareoff | P&L=-824.92
[2026-08-12 22:30:10 IST] [INFO] [SYSTEM] ORB EXIT [squareoff] @ Rs 12.84 | index 25138.00 | net P&L Rs -824.92
[2026-08-12 22:30:10 IST] [INFO] [SYSTEM] New session 2025-10-15 — strategy state reset
[2026-08-12 22:30:11 IST] [INFO] [SYSTEM] Margin Check | Available=22835580.50 | Required=247525.20 | PASS
[2026-08-12 22:30:11 IST] [INFO] [SYSTEM] Paper fill: NIFTY18AUG2625250CE @ Rs 141.04 x1755
[2026-08-12 22:30:11 IST] [INFO] [ORDER] [2025-10-15 10:23:00] BUY CE | Strike=25250 | Price=141.04 | Qty=1755 | Mode=paper
[2026-08-12 22:30:11 IST] [INFO] [SYSTEM] ORB ENTRY LONG CE 25250 @ Rs 141.04 x1755 | index 25273.60 stop 25159.35 target 25502.10 risk 114.2pts
[2026-08-12 22:30:11 IST] [INFO] [ORDER] [2025-10-15 15:15:00] EXIT | Reason=squareoff | P&L=+56152.17
[2026-08-12 22:30:11 IST] [INFO] [SYSTEM] ORB EXIT [squareoff] @ Rs 173.35 | index 25330.15 | net P&L Rs 56,152.17
[2026-08-12 22:30:11 IST] [INFO] [SYSTEM] New session 2025-10-16 — strategy state reset
[2026-08-12 22:30:12 IST] [INFO] [SYSTEM] Margin Check | Available=22891732.67 | Required=209055.60 | PASS
[2026-08-12 22:30:12 IST] [INFO] [SYSTEM] Paper fill: NIFTY18AUG2625450CE @ Rs 119.12 x1755
[2026-08-12 22:30:12 IST] [INFO] [ORDER] [2025-10-16 10:32:00] BUY CE | Strike=25450 | Price=119.12 | Qty=1755 | Mode=paper
[2026-08-12 22:30:12 IST] [INFO] [SYSTEM] ORB ENTRY LONG CE 25450 @ Rs 119.12 x1755 | index 25458.05 stop 25376.85 target 25620.45 risk 81.2pts
[2026-08-12 22:30:12 IST] [INFO] [ORDER] [2025-10-16 14:37:00] EXIT | Reason=target | P&L=+186645.72
[2026-08-12 22:30:12 IST] [INFO] [SYSTEM] ORB EXIT [target] @ Rs 225.83 | index 25620.45 | net P&L Rs 186,645.72
[2026-08-12 22:30:12 IST] [INFO] [SYSTEM] New session 2025-10-17 — strategy state reset
[2026-08-12 22:30:13 IST] [INFO] [SYSTEM] Margin Check | Available=23078378.39 | Required=170498.25 | PASS
[2026-08-12 22:30:13 IST] [INFO] [SYSTEM] Paper fill: NIFTY18AUG2625700CE @ Rs 97.15 x1755
[2026-08-12 22:30:13 IST] [INFO] [ORDER] [2025-10-17 10:32:00] BUY CE | Strike=25700 | Price=97.15 | Qty=1755 | Mode=paper
[2026-08-12 22:30:13 IST] [INFO] [SYSTEM] ORB ENTRY LONG CE 25700 @ Rs 97.15 x1755 | index 25686.00 stop 25508.60 target 26040.80 risk 177.4pts
[2026-08-12 22:30:13 IST] [INFO] [ORDER] [2025-10-17 15:15:00] EXIT | Reason=squareoff | P&L=+22876.71
[2026-08-12 22:30:13 IST] [INFO] [SYSTEM] ORB EXIT [squareoff] @ Rs 110.4 | index 25715.80 | net P&L Rs 22,876.71
[2026-08-12 22:30:13 IST] [INFO] [SYSTEM] New session 2025-10-20 — strategy state reset
[2026-08-12 22:30:14 IST] [INFO] [SYSTEM] New session 2025-10-21 — strategy state reset
[2026-08-12 22:30:14 IST] [INFO] [SYSTEM] New session 2025-10-23 — strategy state reset
[2026-08-12 22:30:15 IST] [INFO] [SYSTEM] New session 2025-10-24 — strategy state reset
[2026-08-12 22:30:15 IST] [INFO] [SYSTEM] Margin Check | Available=23101255.10 | Required=187679.70 | PASS
[2026-08-12 22:30:15 IST] [INFO] [SYSTEM] Paper fill: NIFTY18AUG2625850PE @ Rs 106.94 x1755
[2026-08-12 22:30:15 IST] [INFO] [ORDER] [2025-10-24 10:23:00] BUY PE | Strike=25850 | Price=106.94 | Qty=1755 | Mode=paper
[2026-08-12 22:30:15 IST] [INFO] [SYSTEM] ORB ENTRY SHORT PE 25850 @ Rs 106.94 x1755 | index 25832.65 stop 25944.15 target 25609.65 risk 111.5pts
[2026-08-12 22:30:16 IST] [INFO] [ORDER] [2025-10-24 15:15:00] EXIT | Reason=squareoff | P&L=+25107.52
[2026-08-12 22:30:16 IST] [INFO] [SYSTEM] ORB EXIT [squareoff] @ Rs 121.48 | index 25800.55 | net P&L Rs 25,107.52
[2026-08-12 22:30:16 IST] [INFO] [SYSTEM] New session 2025-10-27 — strategy state reset
[2026-08-12 22:30:17 IST] [INFO] [SYSTEM] Margin Check | Available=23126362.62 | Required=98280.00 | PASS
[2026-08-12 22:30:17 IST] [INFO] [SYSTEM] Paper fill: NIFTY18AUG2626000CE @ Rs 56.0 x1755
[2026-08-12 22:30:17 IST] [INFO] [ORDER] [2025-10-27 11:59:00] BUY CE | Strike=26000 | Price=56.00 | Qty=1755 | Mode=paper
[2026-08-12 22:30:17 IST] [INFO] [SYSTEM] ORB ENTRY LONG CE 26000 @ Rs 56.0 x1755 | index 25996.00 stop 25827.00 target 26334.00 risk 169.0pts
[2026-08-12 22:30:17 IST] [INFO] [ORDER] [2025-10-27 15:15:00] EXIT | Reason=squareoff | P&L=-35528.16
[2026-08-12 22:30:17 IST] [INFO] [SYSTEM] ORB EXIT [squareoff] @ Rs 35.86 | index 25959.25 | net P&L Rs -35,528.16
[2026-08-12 22:30:17 IST] [WARNING] [SYSTEM] Daily loss limit reached (Rs -35,528 <= -Rs 10,000); no further trades today
[2026-08-12 22:30:17 IST] [INFO] [SYSTEM] New session 2025-10-28 — strategy state reset
[2026-08-12 22:30:17 IST] [INFO] [SYSTEM] Margin Check | Available=23090834.46 | Required=19287.45 | PASS
[2026-08-12 22:30:17 IST] [INFO] [SYSTEM] Paper fill: NIFTY18AUG2625850PE @ Rs 10.99 x1755
[2026-08-12 22:30:17 IST] [INFO] [ORDER] [2025-10-28 10:32:00] BUY PE | Strike=25850 | Price=10.99 | Qty=1755 | Mode=paper
[2026-08-12 22:30:17 IST] [INFO] [SYSTEM] ORB ENTRY SHORT PE 25850 @ Rs 10.99 x1755 | index 25874.45 stop 26041.70 target 25539.95 risk 167.2pts
[2026-08-12 22:30:18 IST] [INFO] [ORDER] [2025-10-28 15:15:00] EXIT | Reason=squareoff | P&L=-19259.64
[2026-08-12 22:30:18 IST] [INFO] [SYSTEM] ORB EXIT [squareoff] @ Rs 0.05 | index 25949.90 | net P&L Rs -19,259.64
[2026-08-12 22:30:18 IST] [WARNING] [SYSTEM] Daily loss limit reached (Rs -19,260 <= -Rs 10,000); no further trades today
[2026-08-12 22:30:18 IST] [INFO] [SYSTEM] New session 2025-10-29 — strategy state reset
[2026-08-12 22:30:19 IST] [INFO] [SYSTEM] New session 2025-10-30 — strategy state reset
[2026-08-12 22:30:20 IST] [INFO] [SYSTEM] New session 2025-10-31 — strategy state reset
[2026-08-12 22:30:20 IST] [INFO] [SYSTEM] Margin Check | Available=23071574.82 | Required=147384.90 | PASS
[2026-08-12 22:30:20 IST] [INFO] [SYSTEM] Paper fill: NIFTY18AUG2625800PE @ Rs 83.98 x1755
[2026-08-12 22:30:20 IST] [INFO] [ORDER] [2025-10-31 10:32:00] BUY PE | Strike=25800 | Price=83.98 | Qty=1755 | Mode=paper
[2026-08-12 22:30:20 IST] [INFO] [SYSTEM] ORB ENTRY SHORT PE 25800 @ Rs 83.98 x1755 | index 25805.60 stop 25953.75 target 25509.30 risk 148.2pts
[2026-08-12 22:30:21 IST] [INFO] [ORDER] [2025-10-31 15:15:00] EXIT | Reason=squareoff | P&L=+71844.80
[2026-08-12 22:30:21 IST] [INFO] [SYSTEM] ORB EXIT [squareoff] @ Rs 125.14 | index 25723.95 | net P&L Rs 71,844.80
[2026-08-12 22:30:21 IST] [INFO] [SYSTEM] New session 2025-11-03 — strategy state reset
[2026-08-12 22:30:21 IST] [INFO] [SYSTEM] Margin Check | Available=23143419.62 | Required=119024.10 | PASS
[2026-08-12 22:30:21 IST] [INFO] [SYSTEM] Paper fill: NIFTY18AUG2625750CE @ Rs 67.82 x1755
[2026-08-12 22:30:21 IST] [INFO] [ORDER] [2025-11-03 10:44:00] BUY CE | Strike=25750 | Price=67.82 | Qty=1755 | Mode=paper
[2026-08-12 22:30:21 IST] [INFO] [SYSTEM] ORB ENTRY LONG CE 25750 @ Rs 67.82 x1755 | index 25772.25 stop 25645.50 target 26025.75 risk 126.8pts
[2026-08-12 22:30:22 IST] [INFO] [ORDER] [2025-11-03 15:15:00] EXIT | Reason=squareoff | P&L=-11566.19
[2026-08-12 22:30:22 IST] [INFO] [SYSTEM] ORB EXIT [squareoff] @ Rs 61.37 | index 25769.30 | net P&L Rs -11,566.19
[2026-08-12 22:30:22 IST] [WARNING] [SYSTEM] Daily loss limit reached (Rs -11,566 <= -Rs 10,000); no further trades today
[2026-08-12 22:30:22 IST] [INFO] [SYSTEM] New session 2025-11-04 — strategy state reset
[2026-08-12 22:30:22 IST] [INFO] [SYSTEM] Margin Check | Available=23131853.43 | Required=19480.50 | PASS
[2026-08-12 22:30:22 IST] [INFO] [SYSTEM] Paper fill: NIFTY18AUG2625650PE @ Rs 11.1 x1755
[2026-08-12 22:30:22 IST] [INFO] [ORDER] [2025-11-04 11:26:00] BUY PE | Strike=25650 | Price=11.10 | Qty=1755 | Mode=paper
[2026-08-12 22:30:22 IST] [INFO] [SYSTEM] ORB ENTRY SHORT PE 25650 @ Rs 11.1 x1755 | index 25669.50 stop 25787.40 target 25433.70 risk 117.9pts
[2026-08-12 22:30:23 IST] [INFO] [ORDER] [2025-11-04 15:15:00] EXIT | Reason=squareoff | P&L=+70389.70
[2026-08-12 22:30:23 IST] [INFO] [SYSTEM] ORB EXIT [squareoff] @ Rs 51.3 | index 25598.70 | net P&L Rs 70,389.70
[2026-08-12 22:30:23 IST] [INFO] [SYSTEM] New session 2025-11-06 — strategy state reset
[2026-08-12 22:30:23 IST] [INFO] [SYSTEM] Margin Check | Available=23202243.13 | Required=179150.40 | PASS
[2026-08-12 22:30:23 IST] [INFO] [SYSTEM] Paper fill: NIFTY18AUG2625550PE @ Rs 102.08 x1755
[2026-08-12 22:30:23 IST] [INFO] [ORDER] [2025-11-06 10:23:00] BUY PE | Strike=25550 | Price=102.08 | Qty=1755 | Mode=paper
[2026-08-12 22:30:23 IST] [INFO] [SYSTEM] ORB ENTRY SHORT PE 25550 @ Rs 102.08 x1755 | index 25535.45 stop 25679.15 target 25248.05 risk 143.7pts
[2026-08-12 22:30:24 IST] [INFO] [ORDER] [2025-11-06 15:15:00] EXIT | Reason=squareoff | P&L=+22054.91
[2026-08-12 22:30:24 IST] [INFO] [SYSTEM] ORB EXIT [squareoff] @ Rs 114.87 | index 25507.00 | net P&L Rs 22,054.91
[2026-08-12 22:30:24 IST] [INFO] [SYSTEM] New session 2025-11-07 — strategy state reset
[2026-08-12 22:30:25 IST] [INFO] [SYSTEM] Margin Check | Available=23224298.04 | Required=221287.95 | PASS
[2026-08-12 22:30:25 IST] [INFO] [SYSTEM] Paper fill: NIFTY18AUG2625450CE @ Rs 126.09 x1755
[2026-08-12 22:30:25 IST] [INFO] [ORDER] [2025-11-07 11:32:00] BUY CE | Strike=25450 | Price=126.09 | Qty=1755 | Mode=paper
[2026-08-12 22:30:25 IST] [INFO] [SYSTEM] ORB ENTRY LONG CE 25450 @ Rs 126.09 x1755 | index 25464.65 stop 25318.45 target 25757.05 risk 146.2pts
[2026-08-12 22:30:25 IST] [INFO] [ORDER] [2025-11-07 15:15:00] EXIT | Reason=squareoff | P&L=+38773.84
[2026-08-12 22:30:25 IST] [INFO] [SYSTEM] ORB EXIT [squareoff] @ Rs 148.46 | index 25507.20 | net P&L Rs 38,773.84
[2026-08-12 22:30:25 IST] [INFO] [SYSTEM] New session 2025-11-10 — strategy state reset
[2026-08-12 22:30:25 IST] [INFO] [SYSTEM] Margin Check | Available=23263071.88 | Required=123692.40 | PASS
[2026-08-12 22:30:25 IST] [INFO] [SYSTEM] Paper fill: NIFTY18AUG2625600CE @ Rs 70.48 x1755
[2026-08-12 22:30:25 IST] [INFO] [ORDER] [2025-11-10 10:20:00] BUY CE | Strike=25600 | Price=70.48 | Qty=1755 | Mode=paper
[2026-08-12 22:30:25 IST] [INFO] [SYSTEM] ORB ENTRY LONG CE 25600 @ Rs 70.48 x1755 | index 25611.65 stop 25503.50 target 25827.95 risk 108.2pts
[2026-08-12 22:30:26 IST] [INFO] [ORDER] [2025-11-10 15:15:00] EXIT | Reason=squareoff | P&L=-43286.73
[2026-08-12 22:30:26 IST] [INFO] [SYSTEM] ORB EXIT [squareoff] @ Rs 45.94 | index 25573.90 | net P&L Rs -43,286.73
[2026-08-12 22:30:26 IST] [WARNING] [SYSTEM] Daily loss limit reached (Rs -43,287 <= -Rs 10,000); no further trades today
[2026-08-12 22:30:26 IST] [INFO] [SYSTEM] New session 2025-11-11 — strategy state reset
[2026-08-12 22:30:26 IST] [INFO] [SYSTEM] Margin Check | Available=23219785.15 | Required=27974.70 | PASS
[2026-08-12 22:30:26 IST] [INFO] [SYSTEM] Paper fill: NIFTY18AUG2625450PE @ Rs 15.94 x1755
[2026-08-12 22:30:26 IST] [INFO] [ORDER] [2025-11-11 10:35:00] BUY PE | Strike=25450 | Price=15.94 | Qty=1755 | Mode=paper
[2026-08-12 22:30:26 IST] [INFO] [SYSTEM] ORB ENTRY SHORT PE 25450 @ Rs 15.94 x1755 | index 25469.80 stop 25637.60 target 25134.20 risk 167.8pts
[2026-08-12 22:30:27 IST] [INFO] [ORDER] [2025-11-11 13:38:00] EXIT | Reason=stoploss | P&L=-27952.58
[2026-08-12 22:30:27 IST] [INFO] [SYSTEM] ORB EXIT [stoploss] @ Rs 0.05 | index 25637.60 | net P&L Rs -27,952.58
[2026-08-12 22:30:27 IST] [WARNING] [SYSTEM] Daily loss limit reached (Rs -27,953 <= -Rs 10,000); no further trades today
[2026-08-12 22:30:27 IST] [INFO] [SYSTEM] New session 2025-11-12 — strategy state reset
[2026-08-12 22:30:27 IST] [INFO] [SYSTEM] Margin Check | Available=23191832.57 | Required=301982.85 | PASS
[2026-08-12 22:30:27 IST] [INFO] [SYSTEM] Paper fill: NIFTY18AUG2625850CE @ Rs 172.07 x1755
[2026-08-12 22:30:27 IST] [INFO] [ORDER] [2025-11-12 10:41:00] BUY CE | Strike=25850 | Price=172.07 | Qty=1755 | Mode=paper
[2026-08-12 22:30:27 IST] [INFO] [SYSTEM] ORB ENTRY LONG CE 25850 @ Rs 172.07 x1755 | index 25873.25 stop 25781.15 target 26057.45 risk 92.1pts
[2026-08-12 22:30:28 IST] [INFO] [ORDER] [2025-11-12 15:15:00] EXIT | Reason=squareoff | P&L=+1536.12
[2026-08-12 22:30:28 IST] [INFO] [SYSTEM] ORB EXIT [squareoff] @ Rs 173.28 | index 25880.20 | net P&L Rs 1,536.12
[2026-08-12 22:30:28 IST] [INFO] [SYSTEM] New session 2025-11-13 — strategy state reset
[2026-08-12 22:30:29 IST] [INFO] [SYSTEM] Margin Check | Available=23193368.69 | Required=265917.60 | PASS
[2026-08-12 22:30:29 IST] [INFO] [SYSTEM] Paper fill: NIFTY18AUG2625900CE @ Rs 151.52 x1755
[2026-08-12 22:30:29 IST] [INFO] [ORDER] [2025-11-13 10:29:00] BUY CE | Strike=25900 | Price=151.52 | Qty=1755 | Mode=paper
[2026-08-12 22:30:29 IST] [INFO] [SYSTEM] ORB ENTRY LONG CE 25900 @ Rs 151.52 x1755 | index 25912.45 stop 25808.40 target 26120.55 risk 104.0pts
[2026-08-12 22:30:30 IST] [INFO] [ORDER] [2025-11-13 15:15:00] EXIT | Reason=squareoff | P&L=-22170.67
[2026-08-12 22:30:30 IST] [INFO] [SYSTEM] ORB EXIT [squareoff] @ Rs 139.17 | index 25895.05 | net P&L Rs -22,170.67
[2026-08-12 22:30:30 IST] [WARNING] [SYSTEM] Daily loss limit reached (Rs -22,171 <= -Rs 10,000); no further trades today
[2026-08-12 22:30:30 IST] [INFO] [SYSTEM] New session 2025-11-14 — strategy state reset
[2026-08-12 22:30:30 IST] [INFO] [SYSTEM] Margin Check | Available=23171198.02 | Required=185310.45 | PASS
[2026-08-12 22:30:30 IST] [INFO] [SYSTEM] Paper fill: NIFTY18AUG2625750PE @ Rs 105.59 x1755
[2026-08-12 22:30:30 IST] [INFO] [ORDER] [2025-11-14 10:41:00] BUY PE | Strike=25750 | Price=105.59 | Qty=1755 | Mode=paper
[2026-08-12 22:30:30 IST] [INFO] [SYSTEM] ORB ENTRY SHORT PE 25750 @ Rs 105.59 x1755 | index 25755.00 stop 25879.15 target 25506.70 risk 124.2pts
[2026-08-12 22:30:31 IST] [INFO] [ORDER] [2025-11-14 15:03:00] EXIT | Reason=stoploss | P&L=-87327.27
[2026-08-12 22:30:31 IST] [INFO] [SYSTEM] ORB EXIT [stoploss] @ Rs 55.99 | index 25879.15 | net P&L Rs -87,327.27
[2026-08-12 22:30:31 IST] [WARNING] [SYSTEM] Daily loss limit reached (Rs -87,327 <= -Rs 10,000); no further trades today
[2026-08-12 22:30:31 IST] [INFO] [SYSTEM] New session 2025-11-17 — strategy state reset
[2026-08-12 22:30:31 IST] [INFO] [SYSTEM] Margin Check | Available=23083870.75 | Required=96840.90 | PASS
[2026-08-12 22:30:31 IST] [INFO] [SYSTEM] Paper fill: NIFTY18AUG2626000CE @ Rs 55.18 x1755
[2026-08-12 22:30:31 IST] [INFO] [ORDER] [2025-11-17 12:35:00] BUY CE | Strike=26000 | Price=55.18 | Qty=1755 | Mode=paper
[2026-08-12 22:30:31 IST] [INFO] [SYSTEM] ORB ENTRY LONG CE 26000 @ Rs 55.18 x1755 | index 25985.40 stop 25906.35 target 26143.50 risk 79.1pts
[2026-08-12 22:30:32 IST] [INFO] [ORDER] [2025-11-17 15:15:00] EXIT | Reason=squareoff | P&L=+16556.77
[2026-08-12 22:30:32 IST] [INFO] [SYSTEM] ORB EXIT [squareoff] @ Rs 64.75 | index 26010.65 | net P&L Rs 16,556.77
[2026-08-12 22:30:32 IST] [INFO] [SYSTEM] New session 2025-11-18 — strategy state reset
[2026-08-12 22:30:32 IST] [INFO] [SYSTEM] New session 2025-11-19 — strategy state reset
[2026-08-12 22:30:33 IST] [INFO] [SYSTEM] Margin Check | Available=23100427.52 | Required=242944.65 | PASS
[2026-08-12 22:30:33 IST] [INFO] [SYSTEM] Paper fill: NIFTY18AUG2625950CE @ Rs 138.43 x1755
[2026-08-12 22:30:33 IST] [INFO] [ORDER] [2025-11-19 10:17:00] BUY CE | Strike=25950 | Price=138.43 | Qty=1755 | Mode=paper
[2026-08-12 22:30:33 IST] [INFO] [SYSTEM] ORB ENTRY LONG CE 25950 @ Rs 138.43 x1755 | index 25963.75 stop 25856.20 target 26178.85 risk 107.5pts
[2026-08-12 22:30:34 IST] [INFO] [ORDER] [2025-11-19 15:15:00] EXIT | Reason=squareoff | P&L=+96444.84
[2026-08-12 22:30:34 IST] [INFO] [SYSTEM] ORB EXIT [squareoff] @ Rs 193.72 | index 26056.55 | net P&L Rs 96,444.84
[2026-08-12 22:30:34 IST] [INFO] [SYSTEM] New session 2025-11-20 — strategy state reset
[2026-08-12 22:30:34 IST] [INFO] [SYSTEM] Margin Check | Available=23196872.36 | Required=215198.10 | PASS
[2026-08-12 22:30:34 IST] [INFO] [SYSTEM] Paper fill: NIFTY18AUG2626150CE @ Rs 122.62 x1755
[2026-08-12 22:30:34 IST] [INFO] [ORDER] [2025-11-20 10:53:00] BUY CE | Strike=26150 | Price=122.62 | Qty=1755 | Mode=paper
[2026-08-12 22:30:34 IST] [INFO] [SYSTEM] ORB ENTRY LONG CE 26150 @ Rs 122.62 x1755 | index 26141.10 stop 26063.20 target 26296.90 risk 77.9pts
[2026-08-12 22:30:35 IST] [INFO] [ORDER] [2025-11-20 15:15:00] EXIT | Reason=squareoff | P&L=+52651.11
[2026-08-12 22:30:35 IST] [INFO] [SYSTEM] ORB EXIT [squareoff] @ Rs 152.9 | index 26199.25 | net P&L Rs 52,651.11
[2026-08-12 22:30:35 IST] [INFO] [SYSTEM] New session 2025-11-21 — strategy state reset
[2026-08-12 22:30:35 IST] [INFO] [SYSTEM] Margin Check | Available=23249523.47 | Required=143295.75 | PASS
[2026-08-12 22:30:35 IST] [INFO] [SYSTEM] Paper fill: NIFTY18AUG2626050PE @ Rs 81.65 x1755
[2026-08-12 22:30:35 IST] [INFO] [ORDER] [2025-11-21 10:17:00] BUY PE | Strike=26050 | Price=81.65 | Qty=1755 | Mode=paper
[2026-08-12 22:30:35 IST] [INFO] [SYSTEM] ORB ENTRY SHORT PE 26050 @ Rs 81.65 x1755 | index 26074.05 stop 26174.00 target 25874.15 risk 100.0pts
[2026-08-12 22:30:35 IST] [INFO] [ORDER] [2025-11-21 12:51:00] EXIT | Reason=stoploss | P&L=-64445.59
[2026-08-12 22:30:35 IST] [INFO] [SYSTEM] ORB EXIT [stoploss] @ Rs 45.06 | index 26174.00 | net P&L Rs -64,445.59
[2026-08-12 22:30:35 IST] [WARNING] [SYSTEM] Daily loss limit reached (Rs -64,446 <= -Rs 10,000); no further trades today
[2026-08-12 22:30:35 IST] [INFO] [SYSTEM] New session 2025-11-24 — strategy state reset
[2026-08-12 22:30:36 IST] [INFO] [SYSTEM] New session 2025-11-25 — strategy state reset
[2026-08-12 22:30:37 IST] [INFO] [SYSTEM] New session 2025-11-26 — strategy state reset
[2026-08-12 22:30:37 IST] [INFO] [SYSTEM] Margin Check | Available=23185077.88 | Required=263706.30 | PASS
[2026-08-12 22:30:37 IST] [INFO] [SYSTEM] Paper fill: NIFTY18AUG2626100CE @ Rs 150.26 x1755
[2026-08-12 22:30:37 IST] [INFO] [ORDER] [2025-11-26 10:47:00] BUY CE | Strike=26100 | Price=150.26 | Qty=1755 | Mode=paper
[2026-08-12 22:30:37 IST] [INFO] [SYSTEM] ORB ENTRY LONG CE 26100 @ Rs 150.26 x1755 | index 26122.15 stop 25842.95 target 26680.55 risk 279.2pts
[2026-08-12 22:30:38 IST] [INFO] [ORDER] [2025-11-26 15:15:00] EXIT | Reason=squareoff | P&L=+85170.98
[2026-08-12 22:30:38 IST] [INFO] [SYSTEM] ORB EXIT [squareoff] @ Rs 199.14 | index 26204.75 | net P&L Rs 85,170.98
[2026-08-12 22:30:38 IST] [INFO] [SYSTEM] New session 2025-11-27 — strategy state reset
[2026-08-12 22:30:39 IST] [INFO] [SYSTEM] Margin Check | Available=23270248.86 | Required=201228.30 | PASS
[2026-08-12 22:30:39 IST] [INFO] [SYSTEM] Paper fill: NIFTY18AUG2626200PE @ Rs 114.66 x1755
[2026-08-12 22:30:39 IST] [INFO] [ORDER] [2025-11-27 13:11:00] BUY PE | Strike=26200 | Price=114.66 | Qty=1755 | Mode=paper
[2026-08-12 22:30:39 IST] [INFO] [SYSTEM] ORB ENTRY SHORT PE 26200 @ Rs 114.66 x1755 | index 26197.95 stop 26306.95 target 25979.95 risk 109.0pts
[2026-08-12 22:30:39 IST] [INFO] [ORDER] [2025-11-27 15:15:00] EXIT | Reason=squareoff | P&L=-13255.26
[2026-08-12 22:30:39 IST] [INFO] [SYSTEM] ORB EXIT [squareoff] @ Rs 107.33 | index 26211.95 | net P&L Rs -13,255.26
[2026-08-12 22:30:39 IST] [WARNING] [SYSTEM] Daily loss limit reached (Rs -13,255 <= -Rs 10,000); no further trades today
[2026-08-12 22:30:39 IST] [INFO] [SYSTEM] New session 2025-11-28 — strategy state reset
[2026-08-12 22:30:39 IST] [INFO] [SYSTEM] Margin Check | Available=23256993.60 | Required=241400.25 | PASS
[2026-08-12 22:30:39 IST] [INFO] [SYSTEM] Paper fill: NIFTY18AUG2626250CE @ Rs 137.55 x1755
[2026-08-12 22:30:39 IST] [INFO] [ORDER] [2025-11-28 10:44:00] BUY CE | Strike=26250 | Price=137.55 | Qty=1755 | Mode=paper
[2026-08-12 22:30:39 IST] [INFO] [SYSTEM] ORB ENTRY LONG CE 26250 @ Rs 137.55 x1755 | index 26274.50 stop 26172.40 target 26478.70 risk 102.1pts
[2026-08-12 22:30:40 IST] [INFO] [ORDER] [2025-11-28 15:15:00] EXIT | Reason=squareoff | P&L=-73911.34
[2026-08-12 22:30:40 IST] [INFO] [SYSTEM] ORB EXIT [squareoff] @ Rs 95.66 | index 26198.25 | net P&L Rs -73,911.34
[2026-08-12 22:30:40 IST] [WARNING] [SYSTEM] Daily loss limit reached (Rs -73,911 <= -Rs 10,000); no further trades today
[2026-08-12 22:30:40 IST] [INFO] [SYSTEM] New session 2025-12-01 — strategy state reset
[2026-08-12 22:30:41 IST] [INFO] [SYSTEM] New session 2025-12-02 — strategy state reset
[2026-08-12 22:30:41 IST] [INFO] [SYSTEM] Margin Check | Available=23183082.26 | Required=44085.60 | PASS
[2026-08-12 22:30:41 IST] [INFO] [SYSTEM] Paper fill: NIFTY18AUG2626050PE @ Rs 25.12 x1755
[2026-08-12 22:30:41 IST] [INFO] [ORDER] [2025-12-02 10:17:00] BUY PE | Strike=26050 | Price=25.12 | Qty=1755 | Mode=paper
[2026-08-12 22:30:41 IST] [INFO] [SYSTEM] ORB ENTRY SHORT PE 26050 @ Rs 25.12 x1755 | index 26049.50 stop 26154.60 target 25839.30 risk 105.1pts
[2026-08-12 22:30:42 IST] [INFO] [ORDER] [2025-12-02 15:15:00] EXIT | Reason=squareoff | P&L=-14360.28
[2026-08-12 22:30:42 IST] [INFO] [SYSTEM] ORB EXIT [squareoff] @ Rs 17.0 | index 26033.80 | net P&L Rs -14,360.28
[2026-08-12 22:30:42 IST] [WARNING] [SYSTEM] Daily loss limit reached (Rs -14,360 <= -Rs 10,000); no further trades today
[2026-08-12 22:30:42 IST] [INFO] [SYSTEM] New session 2025-12-03 — strategy state reset
[2026-08-12 22:30:43 IST] [INFO] [SYSTEM] New session 2025-12-04 — strategy state reset
[2026-08-12 22:30:43 IST] [INFO] [SYSTEM] Margin Check | Available=23168721.98 | Required=245138.40 | PASS
[2026-08-12 22:30:43 IST] [INFO] [SYSTEM] Paper fill: NIFTY18AUG2626050CE @ Rs 139.68 x1755
[2026-08-12 22:30:43 IST] [INFO] [ORDER] [2025-12-04 10:26:00] BUY CE | Strike=26050 | Price=139.68 | Qty=1755 | Mode=paper
[2026-08-12 22:30:43 IST] [INFO] [SYSTEM] ORB ENTRY LONG CE 26050 @ Rs 139.68 x1755 | index 26056.00 stop 25938.95 target 26290.10 risk 117.0pts
[2026-08-12 22:30:44 IST] [INFO] [ORDER] [2025-12-04 15:15:00] EXIT | Reason=squareoff | P&L=-25183.92
[2026-08-12 22:30:44 IST] [INFO] [SYSTEM] ORB EXIT [squareoff] @ Rs 125.59 | index 26034.75 | net P&L Rs -25,183.92
[2026-08-12 22:30:44 IST] [WARNING] [SYSTEM] Daily loss limit reached (Rs -25,184 <= -Rs 10,000); no further trades today
[2026-08-12 22:30:44 IST] [INFO] [SYSTEM] New session 2025-12-05 — strategy state reset
[2026-08-12 22:30:44 IST] [INFO] [SYSTEM] Margin Check | Available=23143538.06 | Required=210091.05 | PASS
[2026-08-12 22:30:44 IST] [INFO] [SYSTEM] Paper fill: NIFTY18AUG2626100CE @ Rs 119.71 x1755
[2026-08-12 22:30:44 IST] [INFO] [ORDER] [2025-12-05 10:50:00] BUY CE | Strike=26100 | Price=119.71 | Qty=1755 | Mode=paper
[2026-08-12 22:30:44 IST] [INFO] [SYSTEM] ORB ENTRY LONG CE 26100 @ Rs 119.71 x1755 | index 26122.75 stop 25985.35 target 26397.55 risk 137.4pts
[2026-08-12 22:30:45 IST] [INFO] [ORDER] [2025-12-05 15:15:00] EXIT | Reason=squareoff | P&L=+66140.98
[2026-08-12 22:30:45 IST] [INFO] [SYSTEM] ORB EXIT [squareoff] @ Rs 157.68 | index 26187.85 | net P&L Rs 66,140.98
[2026-08-12 22:30:45 IST] [INFO] [SYSTEM] New session 2025-12-08 — strategy state reset
[2026-08-12 22:30:45 IST] [INFO] [SYSTEM] Margin Check | Available=23209679.04 | Required=74920.95 | PASS
[2026-08-12 22:30:45 IST] [INFO] [SYSTEM] Paper fill: NIFTY18AUG2626050PE @ Rs 42.69 x1755
[2026-08-12 22:30:45 IST] [INFO] [ORDER] [2025-12-08 11:08:00] BUY PE | Strike=26050 | Price=42.69 | Qty=1755 | Mode=paper
[2026-08-12 22:30:45 IST] [INFO] [SYSTEM] ORB ENTRY SHORT PE 26050 @ Rs 42.69 x1755 | index 26058.70 stop 26178.70 target 25818.70 risk 120.0pts
[2026-08-12 22:30:46 IST] [INFO] [ORDER] [2025-12-08 15:15:00] EXIT | Reason=squareoff | P&L=+105877.35
[2026-08-12 22:30:46 IST] [INFO] [SYSTEM] ORB EXIT [squareoff] @ Rs 103.19 | index 25956.45 | net P&L Rs 105,877.35
[2026-08-12 22:30:46 IST] [INFO] [SYSTEM] New session 2025-12-09 — strategy state reset
[2026-08-12 22:30:46 IST] [INFO] [SYSTEM] Margin Check | Available=23315556.39 | Required=45015.75 | PASS
[2026-08-12 22:30:46 IST] [INFO] [SYSTEM] Paper fill: NIFTY18AUG2625900CE @ Rs 25.65 x1755
[2026-08-12 22:30:46 IST] [INFO] [ORDER] [2025-12-09 12:23:00] BUY CE | Strike=25900 | Price=25.65 | Qty=1755 | Mode=paper
[2026-08-12 22:30:46 IST] [INFO] [SYSTEM] ORB ENTRY LONG CE 25900 @ Rs 25.65 x1755 | index 25911.80 stop 25728.00 target 26279.40 risk 183.8pts
[2026-08-12 22:30:47 IST] [INFO] [ORDER] [2025-12-09 15:15:00] EXIT | Reason=squareoff | P&L=-45004.79
[2026-08-12 22:30:47 IST] [INFO] [SYSTEM] ORB EXIT [squareoff] @ Rs 0.05 | index 25836.80 | net P&L Rs -45,004.79
[2026-08-12 22:30:47 IST] [WARNING] [SYSTEM] Daily loss limit reached (Rs -45,005 <= -Rs 10,000); no further trades today
[2026-08-12 22:30:47 IST] [INFO] [SYSTEM] New session 2025-12-10 — strategy state reset
[2026-08-12 22:30:47 IST] [INFO] [SYSTEM] Margin Check | Available=23270551.60 | Required=227939.40 | PASS
[2026-08-12 22:30:47 IST] [INFO] [SYSTEM] Paper fill: NIFTY18AUG2625950CE @ Rs 129.88 x1755
[2026-08-12 22:30:47 IST] [INFO] [ORDER] [2025-12-10 10:20:00] BUY CE | Strike=25950 | Price=129.88 | Qty=1755 | Mode=paper
[2026-08-12 22:30:47 IST] [INFO] [SYSTEM] ORB ENTRY LONG CE 25950 @ Rs 129.88 x1755 | index 25935.35 stop 25832.65 target 26140.75 risk 102.7pts
[2026-08-12 22:30:47 IST] [INFO] [ORDER] [2025-12-10 11:00:00] EXIT | Reason=stoploss | P&L=-82775.22
[2026-08-12 22:30:47 IST] [INFO] [SYSTEM] ORB EXIT [stoploss] @ Rs 82.92 | index 25832.65 | net P&L Rs -82,775.22
[2026-08-12 22:30:47 IST] [WARNING] [SYSTEM] Daily loss limit reached (Rs -82,775 <= -Rs 10,000); no further trades today
[2026-08-12 22:30:48 IST] [INFO] [SYSTEM] New session 2025-12-11 — strategy state reset
[2026-08-12 22:30:48 IST] [INFO] [SYSTEM] Margin Check | Available=23187776.38 | Required=239276.70 | PASS
[2026-08-12 22:30:48 IST] [INFO] [SYSTEM] Paper fill: NIFTY18AUG2625800CE @ Rs 136.34 x1755
[2026-08-12 22:30:48 IST] [INFO] [ORDER] [2025-12-11 10:17:00] BUY CE | Strike=25800 | Price=136.34 | Qty=1755 | Mode=paper
[2026-08-12 22:30:48 IST] [INFO] [SYSTEM] ORB ENTRY LONG CE 25800 @ Rs 136.34 x1755 | index 25819.90 stop 25693.25 target 26073.20 risk 126.7pts
[2026-08-12 22:30:49 IST] [INFO] [ORDER] [2025-12-11 15:15:00] EXIT | Reason=squareoff | P&L=+76659.72
[2026-08-12 22:30:49 IST] [INFO] [SYSTEM] ORB EXIT [squareoff] @ Rs 180.34 | index 25895.80 | net P&L Rs 76,659.72
[2026-08-12 22:30:49 IST] [INFO] [SYSTEM] New session 2025-12-12 — strategy state reset
[2026-08-12 22:30:49 IST] [INFO] [SYSTEM] Margin Check | Available=23264436.10 | Required=180133.20 | PASS
[2026-08-12 22:30:49 IST] [INFO] [SYSTEM] Paper fill: NIFTY18AUG2625950PE @ Rs 102.64 x1755
[2026-08-12 22:30:49 IST] [INFO] [ORDER] [2025-12-12 10:26:00] BUY PE | Strike=25950 | Price=102.64 | Qty=1755 | Mode=paper
[2026-08-12 22:30:49 IST] [INFO] [SYSTEM] ORB ENTRY SHORT PE 25950 @ Rs 102.64 x1755 | index 25944.40 stop 26038.40 target 25756.40 risk 94.0pts
[2026-08-12 22:30:50 IST] [INFO] [ORDER] [2025-12-12 14:04:00] EXIT | Reason=stoploss | P&L=-70839.61
[2026-08-12 22:30:50 IST] [INFO] [SYSTEM] ORB EXIT [stoploss] @ Rs 62.44 | index 26038.40 | net P&L Rs -70,839.61
[2026-08-12 22:30:50 IST] [WARNING] [SYSTEM] Daily loss limit reached (Rs -70,840 <= -Rs 10,000); no further trades today
[2026-08-12 22:30:50 IST] [INFO] [SYSTEM] New session 2025-12-15 — strategy state reset
[2026-08-12 22:30:50 IST] [INFO] [SYSTEM] Margin Check | Available=23193596.49 | Required=119146.95 | PASS
[2026-08-12 22:30:50 IST] [INFO] [SYSTEM] Paper fill: NIFTY18AUG2626000CE @ Rs 67.89 x1755
[2026-08-12 22:30:50 IST] [INFO] [ORDER] [2025-12-15 11:59:00] BUY CE | Strike=26000 | Price=67.89 | Qty=1755 | Mode=paper
[2026-08-12 22:30:50 IST] [INFO] [SYSTEM] ORB ENTRY LONG CE 26000 @ Rs 67.89 x1755 | index 26016.10 stop 25904.75 target 26238.80 risk 111.3pts
[2026-08-12 22:30:51 IST] [INFO] [ORDER] [2025-12-15 15:15:00] EXIT | Reason=squareoff | P&L=+5192.51
[2026-08-12 22:30:51 IST] [INFO] [SYSTEM] ORB EXIT [squareoff] @ Rs 71.0 | index 26027.95 | net P&L Rs 5,192.51
[2026-08-12 22:30:51 IST] [INFO] [SYSTEM] New session 2025-12-16 — strategy state reset
[2026-08-12 22:30:51 IST] [INFO] [SYSTEM] Margin Check | Available=23198789.00 | Required=17918.55 | PASS
[2026-08-12 22:30:51 IST] [INFO] [SYSTEM] Paper fill: NIFTY18AUG2625850PE @ Rs 10.21 x1755
[2026-08-12 22:30:51 IST] [INFO] [ORDER] [2025-12-16 12:02:00] BUY PE | Strike=25850 | Price=10.21 | Qty=1755 | Mode=paper
[2026-08-12 22:30:51 IST] [INFO] [SYSTEM] ORB ENTRY SHORT PE 25850 @ Rs 10.21 x1755 | index 25873.35 stop 25980.75 target 25658.55 risk 107.4pts
[2026-08-12 22:30:52 IST] [INFO] [ORDER] [2025-12-16 15:15:00] EXIT | Reason=squareoff | P&L=-12192.52
[2026-08-12 22:30:52 IST] [INFO] [SYSTEM] ORB EXIT [squareoff] @ Rs 3.3 | index 25854.75 | net P&L Rs -12,192.52
[2026-08-12 22:30:52 IST] [WARNING] [SYSTEM] Daily loss limit reached (Rs -12,193 <= -Rs 10,000); no further trades today
[2026-08-12 22:30:52 IST] [INFO] [SYSTEM] New session 2025-12-17 — strategy state reset
[2026-08-12 22:30:52 IST] [INFO] [SYSTEM] Margin Check | Available=23186596.48 | Required=194629.50 | PASS
[2026-08-12 22:30:52 IST] [INFO] [SYSTEM] Paper fill: NIFTY18AUG2625800PE @ Rs 110.9 x1755
[2026-08-12 22:30:52 IST] [INFO] [ORDER] [2025-12-17 10:29:00] BUY PE | Strike=25800 | Price=110.90 | Qty=1755 | Mode=paper
[2026-08-12 22:30:52 IST] [INFO] [SYSTEM] ORB ENTRY SHORT PE 25800 @ Rs 110.9 x1755 | index 25813.65 stop 25929.15 target 25582.65 risk 115.5pts
[2026-08-12 22:30:53 IST] [INFO] [ORDER] [2025-12-17 15:15:00] EXIT | Reason=squareoff | P&L=-2795.48
[2026-08-12 22:30:53 IST] [INFO] [SYSTEM] ORB EXIT [squareoff] @ Rs 109.53 | index 25812.95 | net P&L Rs -2,795.48
[2026-08-12 22:30:53 IST] [INFO] [SYSTEM] New session 2025-12-18 — strategy state reset
[2026-08-12 22:30:53 IST] [INFO] [SYSTEM] Margin Check | Available=23183801.00 | Required=207792.00 | PASS
[2026-08-12 22:30:53 IST] [INFO] [SYSTEM] Paper fill: NIFTY18AUG2625850CE @ Rs 118.4 x1755
[2026-08-12 22:30:53 IST] [INFO] [ORDER] [2025-12-18 10:23:00] BUY CE | Strike=25850 | Price=118.40 | Qty=1755 | Mode=paper
[2026-08-12 22:30:53 IST] [INFO] [SYSTEM] ORB ENTRY LONG CE 25850 @ Rs 118.4 x1755 | index 25837.10 stop 25726.30 target 26058.70 risk 110.8pts
[2026-08-12 22:30:54 IST] [INFO] [ORDER] [2025-12-18 15:15:00] EXIT | Reason=squareoff | P&L=-23399.44
[2026-08-12 22:30:54 IST] [INFO] [SYSTEM] ORB EXIT [squareoff] @ Rs 105.29 | index 25816.35 | net P&L Rs -23,399.44
[2026-08-12 22:30:54 IST] [WARNING] [SYSTEM] Daily loss limit reached (Rs -23,399 <= -Rs 10,000); no further trades today
[2026-08-12 22:30:54 IST] [INFO] [SYSTEM] New session 2025-12-19 — strategy state reset
[2026-08-12 22:30:54 IST] [INFO] [SYSTEM] Margin Check | Available=23160401.56 | Required=180607.05 | PASS
[2026-08-12 22:30:54 IST] [INFO] [SYSTEM] Paper fill: NIFTY18AUG2626000CE @ Rs 102.91 x1755
[2026-08-12 22:30:54 IST] [INFO] [ORDER] [2025-12-19 10:53:00] BUY CE | Strike=26000 | Price=102.91 | Qty=1755 | Mode=paper
[2026-08-12 22:30:54 IST] [INFO] [SYSTEM] ORB ENTRY LONG CE 26000 @ Rs 102.91 x1755 | index 25975.00 stop 25880.45 target 26164.10 risk 94.5pts
[2026-08-12 22:30:55 IST] [INFO] [ORDER] [2025-12-19 15:15:00] EXIT | Reason=squareoff | P&L=-12727.70
[2026-08-12 22:30:55 IST] [INFO] [SYSTEM] ORB EXIT [squareoff] @ Rs 95.86 | index 25966.10 | net P&L Rs -12,727.70
[2026-08-12 22:30:55 IST] [WARNING] [SYSTEM] Daily loss limit reached (Rs -12,728 <= -Rs 10,000); no further trades today
[2026-08-12 22:30:55 IST] [INFO] [SYSTEM] New session 2025-12-22 — strategy state reset
[2026-08-12 22:30:55 IST] [INFO] [SYSTEM] Margin Check | Available=23147673.86 | Required=105545.70 | PASS
[2026-08-12 22:30:55 IST] [INFO] [SYSTEM] Paper fill: NIFTY18AUG2626150CE @ Rs 60.14 x1755
[2026-08-12 22:30:55 IST] [INFO] [ORDER] [2025-12-22 12:20:00] BUY CE | Strike=26150 | Price=60.14 | Qty=1755 | Mode=paper
[2026-08-12 22:30:55 IST] [INFO] [SYSTEM] ORB ENTRY LONG CE 26150 @ Rs 60.14 x1755 | index 26149.65 stop 26047.80 target 26353.35 risk 101.9pts
[2026-08-12 22:30:56 IST] [INFO] [ORDER] [2025-12-22 15:15:00] EXIT | Reason=squareoff | P&L=+17172.36
[2026-08-12 22:30:56 IST] [INFO] [SYSTEM] ORB EXIT [squareoff] @ Rs 70.07 | index 26174.05 | net P&L Rs 17,172.36
[2026-08-12 22:30:56 IST] [INFO] [SYSTEM] New session 2025-12-23 — strategy state reset
[2026-08-12 22:30:57 IST] [INFO] [SYSTEM] New session 2025-12-24 — strategy state reset
[2026-08-12 22:30:58 IST] [INFO] [SYSTEM] New session 2025-12-26 — strategy state reset
[2026-08-12 22:30:58 IST] [INFO] [SYSTEM] Margin Check | Available=23164846.22 | Required=135573.75 | PASS
[2026-08-12 22:30:58 IST] [INFO] [SYSTEM] Paper fill: NIFTY18AUG2626050PE @ Rs 77.25 x1755
[2026-08-12 22:30:58 IST] [INFO] [ORDER] [2025-12-26 11:17:00] BUY PE | Strike=26050 | Price=77.25 | Qty=1755 | Mode=paper
[2026-08-12 22:30:58 IST] [INFO] [SYSTEM] ORB ENTRY SHORT PE 26050 @ Rs 77.25 x1755 | index 26066.90 stop 26144.20 target 25912.30 risk 77.3pts
[2026-08-12 22:30:59 IST] [INFO] [ORDER] [2025-12-26 15:15:00] EXIT | Reason=squareoff | P&L=+18749.18
[2026-08-12 22:30:59 IST] [INFO] [SYSTEM] ORB EXIT [squareoff] @ Rs 88.11 | index 26040.00 | net P&L Rs 18,749.18
[2026-08-12 22:30:59 IST] [INFO] [SYSTEM] New session 2025-12-29 — strategy state reset
[2026-08-12 22:30:59 IST] [INFO] [SYSTEM] Margin Check | Available=23183595.40 | Required=70287.75 | PASS
[2026-08-12 22:30:59 IST] [INFO] [SYSTEM] Paper fill: NIFTY18AUG2626000PE @ Rs 40.05 x1755
[2026-08-12 22:30:59 IST] [INFO] [ORDER] [2025-12-29 10:32:00] BUY PE | Strike=26000 | Price=40.05 | Qty=1755 | Mode=paper
[2026-08-12 22:30:59 IST] [INFO] [SYSTEM] ORB ENTRY SHORT PE 26000 @ Rs 40.05 x1755 | index 26017.15 stop 26106.80 target 25837.85 risk 89.6pts
[2026-08-12 22:31:00 IST] [INFO] [ORDER] [2025-12-29 15:15:00] EXIT | Reason=squareoff | P&L=+67862.51
[2026-08-12 22:31:00 IST] [INFO] [SYSTEM] ORB EXIT [squareoff] @ Rs 78.86 | index 25940.30 | net P&L Rs 67,862.51
[2026-08-12 22:31:00 IST] [INFO] [SYSTEM] New session 2025-12-30 — strategy state reset
[2026-08-12 22:31:00 IST] [INFO] [SYSTEM] Margin Check | Available=23251457.91 | Required=51719.85 | PASS
[2026-08-12 22:31:00 IST] [INFO] [SYSTEM] Paper fill: NIFTY18AUG2625950CE @ Rs 29.47 x1755
[2026-08-12 22:31:00 IST] [INFO] [ORDER] [2025-12-30 10:20:00] BUY CE | Strike=25950 | Price=29.47 | Qty=1755 | Mode=paper
[2026-08-12 22:31:00 IST] [INFO] [SYSTEM] ORB ENTRY LONG CE 25950 @ Rs 29.47 x1755 | index 25962.75 stop 25878.00 target 26132.25 risk 84.8pts
[2026-08-12 22:31:01 IST] [INFO] [ORDER] [2025-12-30 15:15:00] EXIT | Reason=squareoff | P&L=-50328.42
[2026-08-12 22:31:01 IST] [INFO] [SYSTEM] ORB EXIT [squareoff] @ Rs 0.84 | index 25936.75 | net P&L Rs -50,328.42
[2026-08-12 22:31:01 IST] [WARNING] [SYSTEM] Daily loss limit reached (Rs -50,328 <= -Rs 10,000); no further trades today
[2026-08-12 22:31:01 IST] [INFO] [SYSTEM] New session 2025-12-31 — strategy state reset
[2026-08-12 22:31:02 IST] [INFO] [SYSTEM] New session 2026-01-01 — strategy state reset
[2026-08-12 22:31:03 IST] [INFO] [SYSTEM] New session 2026-01-02 — strategy state reset
[2026-08-12 22:31:03 IST] [INFO] [SYSTEM] Margin Check | Available=23201129.49 | Required=173832.75 | PASS
[2026-08-12 22:31:03 IST] [INFO] [SYSTEM] Paper fill: NIFTY18AUG2626300CE @ Rs 99.05 x1755
[2026-08-12 22:31:03 IST] [INFO] [ORDER] [2026-01-02 11:35:00] BUY CE | Strike=26300 | Price=99.05 | Qty=1755 | Mode=paper
[2026-08-12 22:31:03 IST] [INFO] [SYSTEM] ORB ENTRY LONG CE 26300 @ Rs 99.05 x1755 | index 26281.70 stop 26118.40 target 26608.30 risk 163.3pts
[2026-08-12 22:31:03 IST] [INFO] [ORDER] [2026-01-02 15:15:00] EXIT | Reason=squareoff | P&L=+33879.78
[2026-08-12 22:31:03 IST] [INFO] [SYSTEM] ORB EXIT [squareoff] @ Rs 118.58 | index 26322.20 | net P&L Rs 33,879.78
[2026-08-12 22:31:04 IST] [INFO] [SYSTEM] New session 2026-01-05 — strategy state reset
[2026-08-12 22:31:04 IST] [INFO] [SYSTEM] Margin Check | Available=23235009.27 | Required=116619.75 | PASS
[2026-08-12 22:31:04 IST] [INFO] [SYSTEM] Paper fill: NIFTY18AUG2626350CE @ Rs 66.45 x1755
[2026-08-12 22:31:04 IST] [INFO] [ORDER] [2026-01-05 10:26:00] BUY CE | Strike=26350 | Price=66.45 | Qty=1755 | Mode=paper
[2026-08-12 22:31:04 IST] [INFO] [SYSTEM] ORB ENTRY LONG CE 26350 @ Rs 66.45 x1755 | index 26366.20 stop 26263.60 target 26571.40 risk 102.6pts
[2026-08-12 22:31:04 IST] [INFO] [ORDER] [2026-01-05 13:50:00] EXIT | Reason=stoploss | P&L=-80560.98
[2026-08-12 22:31:04 IST] [INFO] [SYSTEM] ORB EXIT [stoploss] @ Rs 20.64 | index 26263.60 | net P&L Rs -80,560.98
[2026-08-12 22:31:04 IST] [WARNING] [SYSTEM] Daily loss limit reached (Rs -80,561 <= -Rs 10,000); no further trades today
[2026-08-12 22:31:05 IST] [INFO] [SYSTEM] New session 2026-01-06 — strategy state reset
[2026-08-12 22:31:05 IST] [INFO] [SYSTEM] New session 2026-01-07 — strategy state reset
[2026-08-12 22:31:06 IST] [INFO] [SYSTEM] Margin Check | Available=23154448.29 | Required=241172.10 | PASS
[2026-08-12 22:31:06 IST] [INFO] [SYSTEM] Paper fill: NIFTY18AUG2626150CE @ Rs 137.42 x1755
[2026-08-12 22:31:06 IST] [INFO] [ORDER] [2026-01-07 10:17:00] BUY CE | Strike=26150 | Price=137.42 | Qty=1755 | Mode=paper
[2026-08-12 22:31:06 IST] [INFO] [SYSTEM] ORB ENTRY LONG CE 26150 @ Rs 137.42 x1755 | index 26174.00 stop 26096.65 target 26328.70 risk 77.3pts
[2026-08-12 22:31:06 IST] [INFO] [ORDER] [2026-01-07 12:29:00] EXIT | Reason=stoploss | P&L=-73122.09
[2026-08-12 22:31:06 IST] [INFO] [SYSTEM] ORB EXIT [stoploss] @ Rs 95.98 | index 26096.65 | net P&L Rs -73,122.09
[2026-08-12 22:31:06 IST] [WARNING] [SYSTEM] Daily loss limit reached (Rs -73,122 <= -Rs 10,000); no further trades today
[2026-08-12 22:31:06 IST] [INFO] [SYSTEM] New session 2026-01-08 — strategy state reset
[2026-08-12 22:31:06 IST] [INFO] [SYSTEM] Margin Check | Available=23081326.20 | Required=166303.80 | PASS
[2026-08-12 22:31:06 IST] [INFO] [SYSTEM] Paper fill: NIFTY18AUG2626050PE @ Rs 94.76 x1755
[2026-08-12 22:31:06 IST] [INFO] [ORDER] [2026-01-08 10:20:00] BUY PE | Strike=26050 | Price=94.76 | Qty=1755 | Mode=paper
[2026-08-12 22:31:06 IST] [INFO] [SYSTEM] ORB ENTRY SHORT PE 26050 @ Rs 94.76 x1755 | index 26035.05 stop 26133.20 target 25838.75 risk 98.2pts
[2026-08-12 22:31:07 IST] [INFO] [ORDER] [2026-01-08 15:15:00] EXIT | Reason=squareoff | P&L=+169261.75
[2026-08-12 22:31:07 IST] [INFO] [SYSTEM] ORB EXIT [squareoff] @ Rs 191.51 | index 25874.60 | net P&L Rs 169,261.75
[2026-08-12 22:31:07 IST] [INFO] [SYSTEM] New session 2026-01-09 — strategy state reset
[2026-08-12 22:31:08 IST] [INFO] [SYSTEM] Margin Check | Available=23250587.95 | Required=139399.65 | PASS
[2026-08-12 22:31:08 IST] [INFO] [SYSTEM] Paper fill: NIFTY18AUG2625800PE @ Rs 79.43 x1755
[2026-08-12 22:31:08 IST] [INFO] [ORDER] [2026-01-09 11:02:00] BUY PE | Strike=25800 | Price=79.43 | Qty=1755 | Mode=paper
[2026-08-12 22:31:08 IST] [INFO] [SYSTEM] ORB ENTRY SHORT PE 25800 @ Rs 79.43 x1755 | index 25812.00 stop 25940.60 target 25554.80 risk 128.6pts
[2026-08-12 22:31:08 IST] [INFO] [ORDER] [2026-01-09 15:15:00] EXIT | Reason=squareoff | P&L=+114229.63
[2026-08-12 22:31:08 IST] [INFO] [SYSTEM] ORB EXIT [squareoff] @ Rs 144.76 | index 25690.30 | net P&L Rs 114,229.63
[2026-08-12 22:31:08 IST] [INFO] [SYSTEM] New session 2026-01-12 — strategy state reset
[2026-08-12 22:31:09 IST] [INFO] [SYSTEM] Margin Check | Available=23364817.58 | Required=73201.05 | PASS
[2026-08-12 22:31:09 IST] [INFO] [SYSTEM] Paper fill: NIFTY18AUG2625500PE @ Rs 41.71 x1755
[2026-08-12 22:31:09 IST] [INFO] [ORDER] [2026-01-12 11:17:00] BUY PE | Strike=25500 | Price=41.71 | Qty=1755 | Mode=paper
[2026-08-12 22:31:09 IST] [INFO] [SYSTEM] ORB ENTRY SHORT PE 25500 @ Rs 41.71 x1755 | index 25511.70 stop 25700.95 target 25133.20 risk 189.2pts
[2026-08-12 22:31:09 IST] [INFO] [ORDER] [2026-01-12 12:33:00] EXIT | Reason=stoploss | P&L=-69211.68
[2026-08-12 22:31:09 IST] [INFO] [SYSTEM] ORB EXIT [stoploss] @ Rs 2.33 | index 25700.95 | net P&L Rs -69,211.68
[2026-08-12 22:31:09 IST] [WARNING] [SYSTEM] Daily loss limit reached (Rs -69,212 <= -Rs 10,000); no further trades today
[2026-08-12 22:31:09 IST] [INFO] [SYSTEM] New session 2026-01-13 — strategy state reset
[2026-08-12 22:31:10 IST] [INFO] [SYSTEM] Margin Check | Available=23295605.90 | Required=16110.90 | PASS
[2026-08-12 22:31:10 IST] [INFO] [SYSTEM] Paper fill: NIFTY18AUG2625650PE @ Rs 9.18 x1755
[2026-08-12 22:31:10 IST] [INFO] [ORDER] [2026-01-13 12:50:00] BUY PE | Strike=25650 | Price=9.18 | Qty=1755 | Mode=paper
[2026-08-12 22:31:10 IST] [INFO] [SYSTEM] ORB ENTRY SHORT PE 25650 @ Rs 9.18 x1755 | index 25667.10 stop 25899.80 target 25201.70 risk 232.7pts
[2026-08-12 22:31:10 IST] [INFO] [ORDER] [2026-01-13 15:15:00] EXIT | Reason=squareoff | P&L=-16081.01
[2026-08-12 22:31:10 IST] [INFO] [SYSTEM] ORB EXIT [squareoff] @ Rs 0.05 | index 25745.90 | net P&L Rs -16,081.01
[2026-08-12 22:31:10 IST] [WARNING] [SYSTEM] Daily loss limit reached (Rs -16,081 <= -Rs 10,000); no further trades today
[2026-08-12 22:31:10 IST] [INFO] [SYSTEM] New session 2026-01-14 — strategy state reset
[2026-08-12 22:31:11 IST] [INFO] [SYSTEM] Margin Check | Available=23279524.89 | Required=271516.05 | PASS
[2026-08-12 22:31:11 IST] [INFO] [SYSTEM] Paper fill: NIFTY18AUG2625750CE @ Rs 154.71 x1755
[2026-08-12 22:31:11 IST] [INFO] [ORDER] [2026-01-14 11:29:00] BUY CE | Strike=25750 | Price=154.71 | Qty=1755 | Mode=paper
[2026-08-12 22:31:11 IST] [INFO] [SYSTEM] ORB ENTRY LONG CE 25750 @ Rs 154.71 x1755 | index 25770.40 stop 25638.35 target 26034.50 risk 132.1pts
[2026-08-12 22:31:11 IST] [INFO] [ORDER] [2026-01-14 13:55:00] EXIT | Reason=stoploss | P&L=-114039.13
[2026-08-12 22:31:11 IST] [INFO] [SYSTEM] ORB EXIT [stoploss] @ Rs 89.96 | index 25638.35 | net P&L Rs -114,039.13
[2026-08-12 22:31:11 IST] [WARNING] [SYSTEM] Daily loss limit reached (Rs -114,039 <= -Rs 10,000); no further trades today
[2026-08-12 22:31:11 IST] [INFO] [SYSTEM] New session 2026-01-16 — strategy state reset
[2026-08-12 22:31:11 IST] [INFO] [SYSTEM] Margin Check | Available=23165485.76 | Required=192944.70 | PASS
[2026-08-12 22:31:11 IST] [INFO] [SYSTEM] Paper fill: NIFTY18AUG2625850CE @ Rs 109.94 x1755
[2026-08-12 22:31:11 IST] [INFO] [ORDER] [2026-01-16 10:17:00] BUY CE | Strike=25850 | Price=109.94 | Qty=1755 | Mode=paper
[2026-08-12 22:31:11 IST] [INFO] [SYSTEM] ORB ENTRY LONG CE 25850 @ Rs 109.94 x1755 | index 25836.75 stop 25678.40 target 26153.45 risk 158.3pts
[2026-08-12 22:31:12 IST] [INFO] [ORDER] [2026-01-16 13:25:00] EXIT | Reason=stoploss | P&L=-113040.21
[2026-08-12 22:31:12 IST] [INFO] [SYSTEM] ORB EXIT [stoploss] @ Rs 45.68 | index 25678.40 | net P&L Rs -113,040.21
[2026-08-12 22:31:12 IST] [WARNING] [SYSTEM] Daily loss limit reached (Rs -113,040 <= -Rs 10,000); no further trades today
[2026-08-12 22:31:12 IST] [INFO] [SYSTEM] New session 2026-01-19 — strategy state reset
[2026-08-12 22:31:13 IST] [INFO] [SYSTEM] New session 2026-01-20 — strategy state reset
[2026-08-12 22:31:13 IST] [INFO] [SYSTEM] Margin Check | Available=23052445.55 | Required=15795.00 | PASS
[2026-08-12 22:31:13 IST] [INFO] [SYSTEM] Paper fill: NIFTY18AUG2625400PE @ Rs 9.0 x1755
[2026-08-12 22:31:13 IST] [INFO] [ORDER] [2026-01-20 12:23:00] BUY PE | Strike=25400 | Price=9.00 | Qty=1755 | Mode=paper
[2026-08-12 22:31:14 IST] [INFO] [SYSTEM] ORB ENTRY SHORT PE 25400 @ Rs 9.0 x1755 | index 25422.30 stop 25585.00 target 25096.90 risk 162.7pts
[2026-08-12 22:31:14 IST] [INFO] [ORDER] [2026-01-20 15:15:00] EXIT | Reason=squareoff | P&L=+268225.11
[2026-08-12 22:31:14 IST] [INFO] [SYSTEM] ORB EXIT [squareoff] @ Rs 162.05 | index 25237.95 | net P&L Rs 268,225.11
[2026-08-12 22:31:14 IST] [INFO] [SYSTEM] New session 2026-01-21 — strategy state reset
[2026-08-12 22:31:14 IST] [INFO] [SYSTEM] Margin Check | Available=23320670.66 | Required=212126.85 | PASS
[2026-08-12 22:31:14 IST] [INFO] [SYSTEM] Paper fill: NIFTY18AUG2625100PE @ Rs 120.87 x1755
[2026-08-12 22:31:14 IST] [INFO] [ORDER] [2026-01-21 10:23:00] BUY PE | Strike=25100 | Price=120.87 | Qty=1755 | Mode=paper
[2026-08-12 22:31:14 IST] [INFO] [SYSTEM] ORB ENTRY SHORT PE 25100 @ Rs 120.87 x1755 | index 25111.60 stop 25277.75 target 24779.30 risk 166.2pts
[2026-08-12 22:31:14 IST] [INFO] [ORDER] [2026-01-21 12:03:00] EXIT | Reason=breakeven_stop | P&L=-1546.93
[2026-08-12 22:31:14 IST] [INFO] [SYSTEM] ORB EXIT [breakeven_stop] @ Rs 120.23 | index 25111.60 | net P&L Rs -1,546.93
[2026-08-12 22:31:15 IST] [INFO] [SYSTEM] New session 2026-01-22 — strategy state reset
[2026-08-12 22:31:15 IST] [INFO] [SYSTEM] Margin Check | Available=23319123.73 | Required=220112.10 | PASS
[2026-08-12 22:31:15 IST] [INFO] [SYSTEM] Paper fill: NIFTY18AUG2625300PE @ Rs 125.42 x1755
[2026-08-12 22:31:15 IST] [INFO] [ORDER] [2026-01-22 10:29:00] BUY PE | Strike=25300 | Price=125.42 | Qty=1755 | Mode=paper
[2026-08-12 22:31:15 IST] [INFO] [SYSTEM] ORB ENTRY SHORT PE 25300 @ Rs 125.42 x1755 | index 25291.90 stop 25435.75 target 25004.20 risk 143.8pts
[2026-08-12 22:31:16 IST] [INFO] [ORDER] [2026-01-22 15:15:00] EXIT | Reason=squareoff | P&L=-8801.15
[2026-08-12 22:31:16 IST] [INFO] [SYSTEM] ORB EXIT [squareoff] @ Rs 120.65 | index 25297.45 | net P&L Rs -8,801.15
[2026-08-12 22:31:16 IST] [INFO] [SYSTEM] New session 2026-01-23 — strategy state reset
[2026-08-12 22:31:16 IST] [INFO] [SYSTEM] Margin Check | Available=23310322.58 | Required=198911.70 | PASS
[2026-08-12 22:31:16 IST] [INFO] [SYSTEM] Paper fill: NIFTY18AUG2625250PE @ Rs 113.34 x1755
[2026-08-12 22:31:16 IST] [INFO] [ORDER] [2026-01-23 11:38:00] BUY PE | Strike=25250 | Price=113.34 | Qty=1755 | Mode=paper
[2026-08-12 22:31:16 IST] [INFO] [SYSTEM] ORB ENTRY SHORT PE 25250 @ Rs 113.34 x1755 | index 25241.85 stop 25347.95 target 25029.65 risk 106.1pts
[2026-08-12 22:31:17 IST] [INFO] [ORDER] [2026-01-23 15:09:00] EXIT | Reason=target | P&L=+228841.57
[2026-08-12 22:31:17 IST] [INFO] [SYSTEM] ORB EXIT [target] @ Rs 244.11 | index 25029.65 | net P&L Rs 228,841.57
[2026-08-12 22:31:17 IST] [INFO] [SYSTEM] New session 2026-01-27 — strategy state reset
[2026-08-12 22:31:18 IST] [INFO] [SYSTEM] New session 2026-01-28 — strategy state reset
[2026-08-12 22:31:19 IST] [INFO] [SYSTEM] New session 2026-01-29 — strategy state reset
[2026-08-12 22:31:20 IST] [INFO] [SYSTEM] New session 2026-01-30 — strategy state reset
[2026-08-12 22:31:20 IST] [INFO] [SYSTEM] New session 2026-02-01 — strategy state reset
[2026-08-12 22:31:20 IST] [INFO] [SYSTEM] New session 2026-02-02 — strategy state reset
[2026-08-12 22:31:21 IST] [INFO] [SYSTEM] Margin Check | Available=23539164.15 | Required=114075.00 | PASS
[2026-08-12 22:31:21 IST] [INFO] [SYSTEM] Paper fill: NIFTY18AUG2624700PE @ Rs 65.0 x1755
[2026-08-12 22:31:21 IST] [INFO] [ORDER] [2026-02-02 11:11:00] BUY PE | Strike=24700 | Price=65.00 | Qty=1755 | Mode=paper
[2026-08-12 22:31:21 IST] [INFO] [SYSTEM] ORB ENTRY SHORT PE 24700 @ Rs 65.0 x1755 | index 24715.35 stop 24942.95 target 24260.15 risk 227.6pts
[2026-08-12 22:31:21 IST] [INFO] [ORDER] [2026-02-02 12:59:00] EXIT | Reason=stoploss | P&L=-101382.36
[2026-08-12 22:31:21 IST] [INFO] [SYSTEM] ORB EXIT [stoploss] @ Rs 7.31 | index 24942.95 | net P&L Rs -101,382.36
[2026-08-12 22:31:21 IST] [WARNING] [SYSTEM] Daily loss limit reached (Rs -101,382 <= -Rs 10,000); no further trades today
[2026-08-12 22:31:21 IST] [INFO] [SYSTEM] New session 2026-02-03 — strategy state reset
[2026-08-12 22:31:22 IST] [INFO] [SYSTEM] New session 2026-02-04 — strategy state reset
[2026-08-12 22:31:23 IST] [INFO] [SYSTEM] New session 2026-02-05 — strategy state reset
[2026-08-12 22:31:24 IST] [INFO] [SYSTEM] New session 2026-02-06 — strategy state reset
[2026-08-12 22:31:24 IST] [INFO] [SYSTEM] Margin Check | Available=23437781.79 | Required=424587.15 | PASS
[2026-08-12 22:31:24 IST] [INFO] [SYSTEM] Paper fill: NIFTY18AUG2625650CE @ Rs 241.93 x1755
[2026-08-12 22:31:24 IST] [INFO] [ORDER] [2026-02-06 11:41:00] BUY CE | Strike=25650 | Price=241.93 | Qty=1755 | Mode=paper
[2026-08-12 22:31:24 IST] [INFO] [SYSTEM] ORB ENTRY LONG CE 25650 @ Rs 241.93 x1755 | index 25637.55 stop 25504.60 target 25903.45 risk 133.0pts
[2026-08-12 22:31:25 IST] [INFO] [ORDER] [2026-02-06 15:15:00] EXIT | Reason=squareoff | P&L=+45195.96
[2026-08-12 22:31:25 IST] [INFO] [SYSTEM] ORB EXIT [squareoff] @ Rs 268.17 | index 25696.00 | net P&L Rs 45,195.96
[2026-08-12 22:31:25 IST] [INFO] [SYSTEM] New session 2026-02-09 — strategy state reset
[2026-08-12 22:31:26 IST] [INFO] [SYSTEM] New session 2026-02-10 — strategy state reset
[2026-08-12 22:31:26 IST] [INFO] [SYSTEM] Margin Check | Available=23482977.75 | Required=117321.75 | PASS
[2026-08-12 22:31:26 IST] [INFO] [SYSTEM] Paper fill: NIFTY18AUG2625950CE @ Rs 66.85 x1755
[2026-08-12 22:31:26 IST] [INFO] [ORDER] [2026-02-10 10:35:00] BUY CE | Strike=25950 | Price=66.85 | Qty=1755 | Mode=paper
[2026-08-12 22:31:26 IST] [INFO] [SYSTEM] ORB ENTRY LONG CE 25950 @ Rs 66.85 x1755 | index 25974.45 stop 25870.45 target 26182.45 risk 104.0pts
[2026-08-12 22:31:27 IST] [INFO] [ORDER] [2026-02-10 15:15:00] EXIT | Reason=squareoff | P&L=-110416.23
[2026-08-12 22:31:27 IST] [INFO] [SYSTEM] ORB EXIT [squareoff] @ Rs 4.01 | index 25927.75 | net P&L Rs -110,416.23
[2026-08-12 22:31:27 IST] [WARNING] [SYSTEM] Daily loss limit reached (Rs -110,416 <= -Rs 10,000); no further trades today
[2026-08-12 22:31:27 IST] [INFO] [SYSTEM] New session 2026-02-11 — strategy state reset
[2026-08-12 22:31:28 IST] [INFO] [SYSTEM] New session 2026-02-12 — strategy state reset
[2026-08-12 22:31:28 IST] [INFO] [SYSTEM] Margin Check | Available=23372561.52 | Required=425113.65 | PASS
[2026-08-12 22:31:28 IST] [INFO] [SYSTEM] Paper fill: NIFTY18AUG2625800PE @ Rs 242.23 x1755
[2026-08-12 22:31:28 IST] [INFO] [ORDER] [2026-02-12 11:38:00] BUY PE | Strike=25800 | Price=242.23 | Qty=1755 | Mode=paper
[2026-08-12 22:31:28 IST] [INFO] [SYSTEM] ORB ENTRY SHORT PE 25800 @ Rs 242.23 x1755 | index 25814.85 stop 25906.70 target 25631.15 risk 91.9pts
[2026-08-12 22:31:29 IST] [INFO] [ORDER] [2026-02-12 15:15:00] EXIT | Reason=squareoff | P&L=-1873.67
[2026-08-12 22:31:29 IST] [INFO] [SYSTEM] ORB EXIT [squareoff] @ Rs 241.62 | index 25808.75 | net P&L Rs -1,873.67
[2026-08-12 22:31:29 IST] [INFO] [SYSTEM] New session 2026-02-13 — strategy state reset
[2026-08-12 22:31:29 IST] [INFO] [SYSTEM] Margin Check | Available=23370687.85 | Required=388609.65 | PASS
[2026-08-12 22:31:29 IST] [INFO] [SYSTEM] Paper fill: NIFTY18AUG2625500PE @ Rs 221.43 x1755
[2026-08-12 22:31:29 IST] [INFO] [ORDER] [2026-02-13 10:17:00] BUY PE | Strike=25500 | Price=221.43 | Qty=1755 | Mode=paper
[2026-08-12 22:31:29 IST] [INFO] [SYSTEM] ORB ENTRY SHORT PE 25500 @ Rs 221.43 x1755 | index 25516.45 stop 25630.35 target 25288.65 risk 113.9pts
[2026-08-12 22:31:30 IST] [INFO] [ORDER] [2026-02-13 15:15:00] EXIT | Reason=squareoff | P&L=+20296.97
[2026-08-12 22:31:30 IST] [INFO] [SYSTEM] ORB EXIT [squareoff] @ Rs 233.43 | index 25480.35 | net P&L Rs 20,296.97
[2026-08-12 22:31:30 IST] [INFO] [SYSTEM] New session 2026-02-16 — strategy state reset
[2026-08-12 22:31:30 IST] [INFO] [SYSTEM] Margin Check | Available=23390984.82 | Required=239697.90 | PASS
[2026-08-12 22:31:30 IST] [INFO] [SYSTEM] Paper fill: NIFTY18AUG2625550CE @ Rs 136.58 x1755
[2026-08-12 22:31:30 IST] [INFO] [ORDER] [2026-02-16 12:26:00] BUY CE | Strike=25550 | Price=136.58 | Qty=1755 | Mode=paper
[2026-08-12 22:31:30 IST] [INFO] [SYSTEM] ORB ENTRY LONG CE 25550 @ Rs 136.58 x1755 | index 25569.70 stop 25372.70 target 25963.70 risk 197.0pts
[2026-08-12 22:31:31 IST] [INFO] [ORDER] [2026-02-16 15:15:00] EXIT | Reason=squareoff | P&L=+108634.15
[2026-08-12 22:31:31 IST] [INFO] [SYSTEM] ORB EXIT [squareoff] @ Rs 198.82 | index 25683.00 | net P&L Rs 108,634.15
[2026-08-12 22:31:31 IST] [INFO] [SYSTEM] New session 2026-02-17 — strategy state reset
[2026-08-12 22:31:31 IST] [INFO] [SYSTEM] Margin Check | Available=23499618.97 | Required=94225.95 | PASS
[2026-08-12 22:31:31 IST] [INFO] [SYSTEM] Paper fill: NIFTY18AUG2625700CE @ Rs 53.69 x1755
[2026-08-12 22:31:31 IST] [INFO] [ORDER] [2026-02-17 10:20:00] BUY CE | Strike=25700 | Price=53.69 | Qty=1755 | Mode=paper
[2026-08-12 22:31:31 IST] [INFO] [SYSTEM] ORB ENTRY LONG CE 25700 @ Rs 53.69 x1755 | index 25696.65 stop 25570.30 target 25949.35 risk 126.4pts
[2026-08-12 22:31:32 IST] [INFO] [ORDER] [2026-02-17 15:15:00] EXIT | Reason=squareoff | P&L=-44566.54
[2026-08-12 22:31:32 IST] [INFO] [SYSTEM] ORB EXIT [squareoff] @ Rs 28.39 | index 25724.85 | net P&L Rs -44,566.54
[2026-08-12 22:31:32 IST] [WARNING] [SYSTEM] Daily loss limit reached (Rs -44,567 <= -Rs 10,000); no further trades today
[2026-08-12 22:31:32 IST] [INFO] [SYSTEM] New session 2026-02-18 — strategy state reset
[2026-08-12 22:31:33 IST] [INFO] [SYSTEM] New session 2026-02-19 — strategy state reset
[2026-08-12 22:31:33 IST] [INFO] [SYSTEM] Margin Check | Available=23455052.43 | Required=443102.40 | PASS
[2026-08-12 22:31:33 IST] [INFO] [SYSTEM] Paper fill: NIFTY18AUG2625750PE @ Rs 252.48 x1755
[2026-08-12 22:31:33 IST] [INFO] [ORDER] [2026-02-19 10:35:00] BUY PE | Strike=25750 | Price=252.48 | Qty=1755 | Mode=paper
[2026-08-12 22:31:33 IST] [INFO] [SYSTEM] ORB ENTRY SHORT PE 25750 @ Rs 252.48 x1755 | index 25736.65 stop 25885.30 target 25439.35 risk 148.6pts
[2026-08-12 22:31:34 IST] [INFO] [ORDER] [2026-02-19 15:15:00] EXIT | Reason=squareoff | P&L=+286046.11
[2026-08-12 22:31:34 IST] [INFO] [SYSTEM] ORB EXIT [squareoff] @ Rs 416.13 | index 25446.60 | net P&L Rs 286,046.11
[2026-08-12 22:31:34 IST] [INFO] [SYSTEM] New session 2026-02-20 — strategy state reset
[2026-08-12 22:31:34 IST] [INFO] [SYSTEM] Margin Check | Available=23741098.54 | Required=425885.85 | PASS
[2026-08-12 22:31:34 IST] [INFO] [SYSTEM] Paper fill: NIFTY18AUG2625550CE @ Rs 242.67 x1755
[2026-08-12 22:31:34 IST] [INFO] [ORDER] [2026-02-20 10:20:00] BUY CE | Strike=25550 | Price=242.67 | Qty=1755 | Mode=paper
[2026-08-12 22:31:34 IST] [INFO] [SYSTEM] ORB ENTRY LONG CE 25550 @ Rs 242.67 x1755 | index 25534.55 stop 25379.75 target 25844.15 risk 154.8pts
[2026-08-12 22:31:35 IST] [INFO] [ORDER] [2026-02-20 15:15:00] EXIT | Reason=squareoff | P&L=+19599.48
[2026-08-12 22:31:35 IST] [INFO] [SYSTEM] ORB EXIT [squareoff] @ Rs 254.31 | index 25569.35 | net P&L Rs 19,599.48
[2026-08-12 22:31:35 IST] [INFO] [SYSTEM] New session 2026-02-23 — strategy state reset
[2026-08-12 22:31:36 IST] [INFO] [SYSTEM] New session 2026-02-24 — strategy state reset
[2026-08-12 22:31:36 IST] [INFO] [SYSTEM] Margin Check | Available=23760698.02 | Required=69655.95 | PASS
[2026-08-12 22:31:36 IST] [INFO] [SYSTEM] Paper fill: NIFTY18AUG2625450PE @ Rs 39.69 x1755
[2026-08-12 22:31:36 IST] [INFO] [ORDER] [2026-02-24 10:50:00] BUY PE | Strike=25450 | Price=39.69 | Qty=1755 | Mode=paper
[2026-08-12 22:31:36 IST] [INFO] [SYSTEM] ORB ENTRY SHORT PE 25450 @ Rs 39.69 x1755 | index 25473.45 stop 25641.80 target 25136.75 risk 168.3pts
[2026-08-12 22:31:37 IST] [INFO] [ORDER] [2026-02-24 15:15:00] EXIT | Reason=squareoff | P&L=-11110.13
[2026-08-12 22:31:37 IST] [INFO] [SYSTEM] ORB EXIT [squareoff] @ Rs 33.45 | index 25418.70 | net P&L Rs -11,110.13
[2026-08-12 22:31:37 IST] [WARNING] [SYSTEM] Daily loss limit reached (Rs -11,110 <= -Rs 10,000); no further trades today
[2026-08-12 22:31:37 IST] [INFO] [SYSTEM] New session 2026-02-25 — strategy state reset
[2026-08-12 22:31:37 IST] [INFO] [SYSTEM] Margin Check | Available=23749587.89 | Required=533204.10 | PASS
[2026-08-12 22:31:37 IST] [INFO] [SYSTEM] Paper fill: NIFTY18AUG2625650CE @ Rs 303.82 x1755
[2026-08-12 22:31:37 IST] [INFO] [ORDER] [2026-02-25 10:17:00] BUY CE | Strike=25650 | Price=303.82 | Qty=1755 | Mode=paper
[2026-08-12 22:31:37 IST] [INFO] [SYSTEM] ORB ENTRY LONG CE 25650 @ Rs 303.82 x1755 | index 25648.90 stop 25507.90 target 25930.90 risk 141.0pts
[2026-08-12 22:31:37 IST] [INFO] [ORDER] [2026-02-25 12:37:00] EXIT | Reason=stoploss | P&L=-124392.26
[2026-08-12 22:31:37 IST] [INFO] [SYSTEM] ORB EXIT [stoploss] @ Rs 233.43 | index 25507.90 | net P&L Rs -124,392.26
[2026-08-12 22:31:37 IST] [WARNING] [SYSTEM] Daily loss limit reached (Rs -124,392 <= -Rs 10,000); no further trades today
[2026-08-12 22:31:38 IST] [INFO] [SYSTEM] New session 2026-02-26 — strategy state reset
[2026-08-12 22:31:38 IST] [INFO] [SYSTEM] Margin Check | Available=23625195.63 | Required=458212.95 | PASS
[2026-08-12 22:31:38 IST] [INFO] [SYSTEM] Paper fill: NIFTY18AUG2625500PE @ Rs 261.09 x1755
[2026-08-12 22:31:38 IST] [INFO] [ORDER] [2026-02-26 11:41:00] BUY PE | Strike=25500 | Price=261.09 | Qty=1755 | Mode=paper
[2026-08-12 22:31:38 IST] [INFO] [SYSTEM] ORB ENTRY SHORT PE 25500 @ Rs 261.09 x1755 | index 25479.40 stop 25572.95 target 25292.30 risk 93.5pts
[2026-08-12 22:31:39 IST] [INFO] [ORDER] [2026-02-26 15:15:00] EXIT | Reason=squareoff | P&L=-24932.32
[2026-08-12 22:31:39 IST] [INFO] [SYSTEM] ORB EXIT [squareoff] @ Rs 247.36 | index 25500.45 | net P&L Rs -24,932.32
[2026-08-12 22:31:39 IST] [WARNING] [SYSTEM] Daily loss limit reached (Rs -24,932 <= -Rs 10,000); no further trades today
[2026-08-12 22:31:39 IST] [INFO] [SYSTEM] New session 2026-02-27 — strategy state reset
[2026-08-12 22:31:39 IST] [INFO] [SYSTEM] Margin Check | Available=23600263.31 | Required=402561.90 | PASS
[2026-08-12 22:31:39 IST] [INFO] [SYSTEM] Paper fill: NIFTY18AUG2625300PE @ Rs 229.38 x1755
[2026-08-12 22:31:39 IST] [INFO] [ORDER] [2026-02-27 10:20:00] BUY PE | Strike=25300 | Price=229.38 | Qty=1755 | Mode=paper
[2026-08-12 22:31:39 IST] [INFO] [SYSTEM] ORB ENTRY SHORT PE 25300 @ Rs 229.38 x1755 | index 25297.60 stop 25476.40 target 24940.00 risk 178.8pts
[2026-08-12 22:31:40 IST] [INFO] [ORDER] [2026-02-27 15:15:00] EXIT | Reason=squareoff | P&L=+104259.53
[2026-08-12 22:31:40 IST] [INFO] [SYSTEM] ORB EXIT [squareoff] @ Rs 289.29 | index 25173.75 | net P&L Rs 104,259.53
[2026-08-12 22:31:40 IST] [INFO] [SYSTEM] New session 2026-03-02 — strategy state reset
[2026-08-12 22:31:40 IST] [INFO] [SYSTEM] New session 2026-03-04 — strategy state reset
[2026-08-12 22:31:41 IST] [INFO] [SYSTEM] New session 2026-03-05 — strategy state reset
[2026-08-12 22:31:42 IST] [INFO] [SYSTEM] Margin Check | Available=23704522.84 | Required=366163.20 | PASS
[2026-08-12 22:31:42 IST] [INFO] [SYSTEM] Paper fill: NIFTY18AUG2624650CE @ Rs 208.64 x1755
[2026-08-12 22:31:42 IST] [INFO] [ORDER] [2026-03-05 10:56:00] BUY CE | Strike=24650 | Price=208.64 | Qty=1755 | Mode=paper
[2026-08-12 22:31:42 IST] [INFO] [SYSTEM] ORB ENTRY LONG CE 24650 @ Rs 208.64 x1755 | index 24665.25 stop 24530.05 target 24935.65 risk 135.2pts
[2026-08-12 22:31:42 IST] [INFO] [ORDER] [2026-03-05 14:19:00] EXIT | Reason=stoploss | P&L=-119081.10
[2026-08-12 22:31:42 IST] [INFO] [SYSTEM] ORB EXIT [stoploss] @ Rs 141.11 | index 24530.05 | net P&L Rs -119,081.10
[2026-08-12 22:31:42 IST] [WARNING] [SYSTEM] Daily loss limit reached (Rs -119,081 <= -Rs 10,000); no further trades today
[2026-08-12 22:31:42 IST] [INFO] [SYSTEM] New session 2026-03-06 — strategy state reset
[2026-08-12 22:31:43 IST] [INFO] [SYSTEM] Margin Check | Available=23585441.74 | Required=297314.55 | PASS
[2026-08-12 22:31:43 IST] [INFO] [SYSTEM] Paper fill: NIFTY18AUG2624600PE @ Rs 169.41 x1755
[2026-08-12 22:31:43 IST] [INFO] [ORDER] [2026-03-06 12:29:00] BUY PE | Strike=24600 | Price=169.41 | Qty=1755 | Mode=paper
[2026-08-12 22:31:43 IST] [INFO] [SYSTEM] ORB ENTRY SHORT PE 24600 @ Rs 169.41 x1755 | index 24578.30 stop 24700.90 target 24333.10 risk 122.6pts
[2026-08-12 22:31:43 IST] [INFO] [ORDER] [2026-03-06 15:15:00] EXIT | Reason=squareoff | P&L=+146589.70
[2026-08-12 22:31:43 IST] [INFO] [SYSTEM] ORB EXIT [squareoff] @ Rs 253.36 | index 24427.95 | net P&L Rs 146,589.70
[2026-08-12 22:31:43 IST] [INFO] [SYSTEM] New session 2026-03-09 — strategy state reset
[2026-08-12 22:31:44 IST] [INFO] [SYSTEM] New session 2026-03-10 — strategy state reset
[2026-08-12 22:31:45 IST] [INFO] [SYSTEM] New session 2026-03-11 — strategy state reset
[2026-08-12 22:31:45 IST] [INFO] [SYSTEM] Margin Check | Available=23732031.44 | Required=412723.35 | PASS
[2026-08-12 22:31:45 IST] [INFO] [SYSTEM] Paper fill: NIFTY18AUG2624100PE @ Rs 235.17 x1755
[2026-08-12 22:31:45 IST] [INFO] [ORDER] [2026-03-11 10:35:00] BUY PE | Strike=24100 | Price=235.17 | Qty=1755 | Mode=paper
[2026-08-12 22:31:45 IST] [INFO] [SYSTEM] ORB ENTRY SHORT PE 24100 @ Rs 235.17 x1755 | index 24097.40 stop 24299.00 target 23694.20 risk 201.6pts
[2026-08-12 22:31:46 IST] [INFO] [ORDER] [2026-03-11 15:15:00] EXIT | Reason=squareoff | P&L=+220484.51
[2026-08-12 22:31:46 IST] [INFO] [SYSTEM] ORB EXIT [squareoff] @ Rs 361.39 | index 23864.05 | net P&L Rs 220,484.51
[2026-08-12 22:31:46 IST] [INFO] [SYSTEM] New session 2026-03-12 — strategy state reset
[2026-08-12 22:31:46 IST] [INFO] [SYSTEM] Margin Check | Available=23952515.95 | Required=463390.20 | PASS
[2026-08-12 22:31:46 IST] [INFO] [SYSTEM] Paper fill: NIFTY18AUG2623700CE @ Rs 264.04 x1755
[2026-08-12 22:31:46 IST] [INFO] [ORDER] [2026-03-12 10:38:00] BUY CE | Strike=23700 | Price=264.04 | Qty=1755 | Mode=paper
[2026-08-12 22:31:46 IST] [INFO] [SYSTEM] ORB ENTRY LONG CE 23700 @ Rs 264.04 x1755 | index 23714.75 stop 23556.30 target 24031.65 risk 158.5pts
[2026-08-12 22:31:47 IST] [INFO] [ORDER] [2026-03-12 15:15:00] EXIT | Reason=squareoff | P&L=-84018.48
[2026-08-12 22:31:47 IST] [INFO] [SYSTEM] ORB EXIT [squareoff] @ Rs 216.61 | index 23630.00 | net P&L Rs -84,018.48
[2026-08-12 22:31:47 IST] [WARNING] [SYSTEM] Daily loss limit reached (Rs -84,018 <= -Rs 10,000); no further trades today
[2026-08-12 22:31:47 IST] [INFO] [SYSTEM] New session 2026-03-13 — strategy state reset
[2026-08-12 22:31:47 IST] [INFO] [SYSTEM] Margin Check | Available=23868497.47 | Required=341856.45 | PASS
[2026-08-12 22:31:47 IST] [INFO] [SYSTEM] Paper fill: NIFTY18AUG2623250PE @ Rs 194.79 x1755
[2026-08-12 22:31:47 IST] [INFO] [ORDER] [2026-03-13 12:23:00] BUY PE | Strike=23250 | Price=194.79 | Qty=1755 | Mode=paper
[2026-08-12 22:31:47 IST] [INFO] [SYSTEM] ORB ENTRY SHORT PE 23250 @ Rs 194.79 x1755 | index 23273.30 stop 23492.40 target 22835.10 risk 219.1pts
[2026-08-12 22:31:48 IST] [INFO] [ORDER] [2026-03-13 15:15:00] EXIT | Reason=squareoff | P&L=+98985.85
[2026-08-12 22:31:48 IST] [INFO] [SYSTEM] ORB EXIT [squareoff] @ Rs 251.63 | index 23156.10 | net P&L Rs 98,985.85
[2026-08-12 22:31:48 IST] [INFO] [SYSTEM] New session 2026-03-16 — strategy state reset
[2026-08-12 22:31:48 IST] [INFO] [SYSTEM] Margin Check | Available=23967483.32 | Required=192979.80 | PASS
[2026-08-12 22:31:48 IST] [INFO] [SYSTEM] Paper fill: NIFTY18AUG2623050PE @ Rs 109.96 x1755
[2026-08-12 22:31:48 IST] [INFO] [ORDER] [2026-03-16 10:20:00] BUY PE | Strike=23050 | Price=109.96 | Qty=1755 | Mode=paper
[2026-08-12 22:31:48 IST] [INFO] [SYSTEM] ORB ENTRY SHORT PE 23050 @ Rs 109.96 x1755 | index 23057.20 stop 23284.65 target 22602.30 risk 227.5pts
[2026-08-12 22:31:49 IST] [INFO] [ORDER] [2026-03-16 14:22:00] EXIT | Reason=stoploss | P&L=-143753.26
[2026-08-12 22:31:49 IST] [INFO] [SYSTEM] ORB EXIT [stoploss] @ Rs 28.18 | index 23284.65 | net P&L Rs -143,753.26
[2026-08-12 22:31:49 IST] [WARNING] [SYSTEM] Daily loss limit reached (Rs -143,753 <= -Rs 10,000); no further trades today
[2026-08-12 22:31:49 IST] [INFO] [SYSTEM] New session 2026-03-17 — strategy state reset
[2026-08-12 22:31:49 IST] [INFO] [SYSTEM] Margin Check | Available=23823730.06 | Required=98490.60 | PASS
[2026-08-12 22:31:49 IST] [INFO] [SYSTEM] Paper fill: NIFTY18AUG2623550CE @ Rs 56.12 x1755
[2026-08-12 22:31:49 IST] [INFO] [ORDER] [2026-03-17 10:20:00] BUY CE | Strike=23550 | Price=56.12 | Qty=1755 | Mode=paper
[2026-08-12 22:31:49 IST] [INFO] [SYSTEM] ORB ENTRY LONG CE 23550 @ Rs 56.12 x1755 | index 23557.35 stop 23346.60 target 23978.85 risk 210.8pts
[2026-08-12 22:31:50 IST] [INFO] [ORDER] [2026-03-17 15:15:00] EXIT | Reason=squareoff | P&L=-51673.88
[2026-08-12 22:31:50 IST] [INFO] [SYSTEM] ORB EXIT [squareoff] @ Rs 26.77 | index 23573.40 | net P&L Rs -51,673.88
[2026-08-12 22:31:50 IST] [WARNING] [SYSTEM] Daily loss limit reached (Rs -51,674 <= -Rs 10,000); no further trades today
[2026-08-12 22:31:50 IST] [INFO] [SYSTEM] New session 2026-03-18 — strategy state reset
[2026-08-12 22:31:51 IST] [INFO] [SYSTEM] Margin Check | Available=23772056.18 | Required=545120.55 | PASS
[2026-08-12 22:31:51 IST] [INFO] [SYSTEM] Paper fill: NIFTY18AUG2623750CE @ Rs 310.61 x1755
[2026-08-12 22:31:51 IST] [INFO] [ORDER] [2026-03-18 10:56:00] BUY CE | Strike=23750 | Price=310.61 | Qty=1755 | Mode=paper
[2026-08-12 22:31:51 IST] [INFO] [SYSTEM] ORB ENTRY LONG CE 23750 @ Rs 310.61 x1755 | index 23771.30 stop 23618.45 target 24077.00 risk 152.8pts
[2026-08-12 22:31:51 IST] [INFO] [ORDER] [2026-03-18 15:15:00] EXIT | Reason=squareoff | P&L=-3787.85
[2026-08-12 22:31:51 IST] [INFO] [SYSTEM] ORB EXIT [squareoff] @ Rs 309.03 | index 23776.90 | net P&L Rs -3,787.85
[2026-08-12 22:31:51 IST] [INFO] [SYSTEM] New session 2026-03-19 — strategy state reset
[2026-08-12 22:31:52 IST] [INFO] [SYSTEM] New session 2026-03-20 — strategy state reset
[2026-08-12 22:31:53 IST] [INFO] [SYSTEM] Margin Check | Available=23768268.33 | Required=401298.30 | PASS
[2026-08-12 22:31:53 IST] [INFO] [SYSTEM] Paper fill: NIFTY18AUG2623350CE @ Rs 228.66 x1755
[2026-08-12 22:31:53 IST] [INFO] [ORDER] [2026-03-20 11:23:00] BUY CE | Strike=23350 | Price=228.66 | Qty=1755 | Mode=paper
[2026-08-12 22:31:53 IST] [INFO] [SYSTEM] ORB ENTRY LONG CE 23350 @ Rs 228.66 x1755 | index 23334.25 stop 23109.90 target 23782.95 risk 224.3pts
[2026-08-12 22:31:54 IST] [INFO] [ORDER] [2026-03-20 14:43:00] EXIT | Reason=stoploss | P&L=-175713.79
[2026-08-12 22:31:54 IST] [INFO] [SYSTEM] ORB EXIT [stoploss] @ Rs 128.86 | index 23109.90 | net P&L Rs -175,713.79
[2026-08-12 22:31:54 IST] [WARNING] [SYSTEM] Daily loss limit reached (Rs -175,714 <= -Rs 10,000); no further trades today
[2026-08-12 22:31:54 IST] [INFO] [SYSTEM] New session 2026-03-23 — strategy state reset
[2026-08-12 22:31:54 IST] [INFO] [SYSTEM] Margin Check | Available=23592554.54 | Required=215022.60 | PASS
[2026-08-12 22:31:54 IST] [INFO] [SYSTEM] Paper fill: NIFTY18AUG2622550PE @ Rs 122.52 x1755
[2026-08-12 22:31:54 IST] [INFO] [ORDER] [2026-03-23 10:20:00] BUY PE | Strike=22550 | Price=122.52 | Qty=1755 | Mode=paper
[2026-08-12 22:31:54 IST] [INFO] [SYSTEM] ORB ENTRY SHORT PE 22550 @ Rs 122.52 x1755 | index 22547.65 stop 22851.70 target 21939.55 risk 304.0pts
[2026-08-12 22:31:55 IST] [INFO] [ORDER] [2026-03-23 15:15:00] EXIT | Reason=squareoff | P&L=+19641.97
[2026-08-12 22:31:55 IST] [INFO] [SYSTEM] ORB EXIT [squareoff] @ Rs 133.97 | index 22505.80 | net P&L Rs 19,641.97
[2026-08-12 22:31:55 IST] [INFO] [SYSTEM] New session 2026-03-24 — strategy state reset
[2026-08-12 22:31:55 IST] [INFO] [SYSTEM] Margin Check | Available=23612196.51 | Required=80326.35 | PASS
[2026-08-12 22:31:55 IST] [INFO] [SYSTEM] Paper fill: NIFTY18AUG2622650PE @ Rs 45.77 x1755
[2026-08-12 22:31:55 IST] [INFO] [ORDER] [2026-03-24 10:35:00] BUY PE | Strike=22650 | Price=45.77 | Qty=1755 | Mode=paper
[2026-08-12 22:31:55 IST] [INFO] [SYSTEM] ORB ENTRY SHORT PE 22650 @ Rs 45.77 x1755 | index 22660.90 stop 22899.60 target 22183.50 risk 238.7pts
[2026-08-12 22:31:55 IST] [INFO] [ORDER] [2026-03-24 12:25:00] EXIT | Reason=stoploss | P&L=-79987.96
[2026-08-12 22:31:55 IST] [INFO] [SYSTEM] ORB EXIT [stoploss] @ Rs 0.25 | index 22899.60 | net P&L Rs -79,987.96
[2026-08-12 22:31:55 IST] [WARNING] [SYSTEM] Daily loss limit reached (Rs -79,988 <= -Rs 10,000); no further trades today
[2026-08-12 22:31:56 IST] [INFO] [SYSTEM] New session 2026-03-25 — strategy state reset
[2026-08-12 22:31:56 IST] [INFO] [SYSTEM] Margin Check | Available=23532208.55 | Required=541329.75 | PASS
[2026-08-12 22:31:56 IST] [INFO] [SYSTEM] Paper fill: NIFTY18AUG2623350CE @ Rs 308.45 x1755
[2026-08-12 22:31:56 IST] [INFO] [ORDER] [2026-03-25 10:41:00] BUY CE | Strike=23350 | Price=308.45 | Qty=1755 | Mode=paper
[2026-08-12 22:31:56 IST] [INFO] [SYSTEM] ORB ENTRY LONG CE 23350 @ Rs 308.45 x1755 | index 23332.85 stop 23063.20 target 23872.15 risk 269.6pts
[2026-08-12 22:31:57 IST] [INFO] [ORDER] [2026-03-25 15:15:00] EXIT | Reason=squareoff | P&L=-35247.89
[2026-08-12 22:31:57 IST] [INFO] [SYSTEM] ORB EXIT [squareoff] @ Rs 288.92 | index 23304.15 | net P&L Rs -35,247.89
[2026-08-12 22:31:57 IST] [WARNING] [SYSTEM] Daily loss limit reached (Rs -35,248 <= -Rs 10,000); no further trades today
[2026-08-12 22:31:57 IST] [INFO] [SYSTEM] New session 2026-03-27 — strategy state reset
[2026-08-12 22:31:58 IST] [INFO] [SYSTEM] Margin Check | Available=23496960.66 | Required=405457.65 | PASS
[2026-08-12 22:31:58 IST] [INFO] [SYSTEM] Paper fill: NIFTY18AUG2622950PE @ Rs 231.03 x1755
[2026-08-12 22:31:58 IST] [INFO] [ORDER] [2026-03-27 10:53:00] BUY PE | Strike=22950 | Price=231.03 | Qty=1755 | Mode=paper
[2026-08-12 22:31:58 IST] [INFO] [SYSTEM] ORB ENTRY SHORT PE 22950 @ Rs 231.03 x1755 | index 22963.00 stop 23186.10 target 22516.80 risk 223.1pts
[2026-08-12 22:31:58 IST] [INFO] [ORDER] [2026-03-27 15:15:00] EXIT | Reason=squareoff | P&L=+129024.63
[2026-08-12 22:31:58 IST] [INFO] [SYSTEM] ORB EXIT [squareoff] @ Rs 305.07 | index 22812.45 | net P&L Rs 129,024.63
[2026-08-12 22:31:58 IST] [INFO] [SYSTEM] New session 2026-03-30 — strategy state reset
[2026-08-12 22:32:00 IST] [INFO] [SYSTEM] New session 2026-04-01 — strategy state reset
[2026-08-12 22:32:00 IST] [INFO] [SYSTEM] Margin Check | Available=23625985.29 | Required=563758.65 | PASS
[2026-08-12 22:32:00 IST] [INFO] [SYSTEM] Paper fill: NIFTY18AUG2622800PE @ Rs 321.23 x1755
[2026-08-12 22:32:00 IST] [INFO] [ORDER] [2026-04-01 10:26:00] BUY PE | Strike=22800 | Price=321.23 | Qty=1755 | Mode=paper
[2026-08-12 22:32:00 IST] [INFO] [SYSTEM] ORB ENTRY SHORT PE 22800 @ Rs 321.23 x1755 | index 22790.10 stop 22941.30 target 22487.70 risk 151.2pts
[2026-08-12 22:32:01 IST] [INFO] [ORDER] [2026-04-01 15:15:00] EXIT | Reason=squareoff | P&L=+93243.93
[2026-08-12 22:32:01 IST] [INFO] [SYSTEM] ORB EXIT [squareoff] @ Rs 375.02 | index 22675.80 | net P&L Rs 93,243.93
[2026-08-12 22:32:01 IST] [INFO] [SYSTEM] New session 2026-04-02 — strategy state reset
[2026-08-12 22:32:02 IST] [INFO] [SYSTEM] Margin Check | Available=23719229.22 | Required=527588.10 | PASS
[2026-08-12 22:32:02 IST] [INFO] [SYSTEM] Paper fill: NIFTY18AUG2622450CE @ Rs 300.62 x1755
[2026-08-12 22:32:02 IST] [INFO] [ORDER] [2026-04-02 13:23:00] BUY CE | Strike=22450 | Price=300.62 | Qty=1755 | Mode=paper
[2026-08-12 22:32:02 IST] [INFO] [SYSTEM] ORB ENTRY LONG CE 22450 @ Rs 300.62 x1755 | index 22429.50 stop 22182.55 target 22923.40 risk 247.0pts
[2026-08-12 22:32:02 IST] [INFO] [ORDER] [2026-04-02 15:15:00] EXIT | Reason=squareoff | P&L=+345691.31
[2026-08-12 22:32:02 IST] [INFO] [SYSTEM] ORB EXIT [squareoff] @ Rs 498.38 | index 22766.50 | net P&L Rs 345,691.31
[2026-08-12 22:32:02 IST] [INFO] [SYSTEM] New session 2026-04-06 — strategy state reset
[2026-08-12 22:32:03 IST] [INFO] [SYSTEM] Margin Check | Available=24064920.53 | Required=258371.10 | PASS
[2026-08-12 22:32:03 IST] [INFO] [SYSTEM] Paper fill: NIFTY18AUG2622850CE @ Rs 147.22 x1755
[2026-08-12 22:32:03 IST] [INFO] [ORDER] [2026-04-06 13:11:00] BUY CE | Strike=22850 | Price=147.22 | Qty=1755 | Mode=paper
[2026-08-12 22:32:03 IST] [INFO] [SYSTEM] ORB ENTRY LONG CE 22850 @ Rs 147.22 x1755 | index 22842.10 stop 22561.90 target 23402.50 risk 280.2pts
[2026-08-12 22:32:03 IST] [INFO] [ORDER] [2026-04-06 15:15:00] EXIT | Reason=squareoff | P&L=+130881.84
[2026-08-12 22:32:03 IST] [INFO] [SYSTEM] ORB EXIT [squareoff] @ Rs 222.17 | index 22982.85 | net P&L Rs 130,881.84
[2026-08-12 22:32:03 IST] [INFO] [SYSTEM] New session 2026-04-07 — strategy state reset
[2026-08-12 22:32:03 IST] [INFO] [SYSTEM] Margin Check | Available=24195802.37 | Required=116286.30 | PASS
[2026-08-12 22:32:03 IST] [INFO] [SYSTEM] Paper fill: NIFTY18AUG2622950CE @ Rs 66.26 x1755
[2026-08-12 22:32:03 IST] [INFO] [ORDER] [2026-04-07 10:17:00] BUY CE | Strike=22950 | Price=66.26 | Qty=1755 | Mode=paper
[2026-08-12 22:32:03 IST] [INFO] [SYSTEM] ORB ENTRY LONG CE 22950 @ Rs 66.26 x1755 | index 22949.35 stop 22719.30 target 23409.45 risk 230.0pts
[2026-08-12 22:32:04 IST] [INFO] [SYSTEM] Replay finished
[2026-08-12 22:32:04 IST] [INFO] [ORDER] [2026-04-07 15:15:00] EXIT | Reason=squareoff | P&L=+166861.54
[2026-08-12 22:32:04 IST] [INFO] [SYSTEM] ORB EXIT [squareoff] @ Rs 161.59 | index 23111.55 | net P&L Rs 166,861.54
[2026-08-12 22:32:04 IST] [INFO] [SYSTEM] New session 2026-04-08 — strategy state reset
